{"file_hashes":[{"block_hashes":["svu/ZHu/LyLaSZzyQtqwELHg2/U31Ujtp6d99KofS5c="],"block_size":4096,"path":"BUILD.md"},{"block_hashes":["TwJIx2pFW+gi6OQNahZ9k6bsdw7lSVzovT1u1XEETEA=","+WZZTyNj7vKaky27VUYUy0Z98kRVoNpxUbCrNWacZA8=","pY/kmEIJVrL84lFA1YdLiX+HH69rvmkEqkSP3vkCCMY=","q/XmAoDx4TKe89bOpGDtLBGzRVFVKlI+FiRA/96in7M=","LDXiqAjZ/Lfy86U3Gox5GLFOt7ZazZvVhoxeQoEoenY=","TGwOzjImRbQIDTSo71tlq5qyd6metMZHg3Moyo1c27I=","JZ+x3gEeNdpupJumz82y94nMF91yFZEiMbo+DjSE12M=","9CHHSeSRlbC4EPkl3zaCpaoeLUYZgbIn+H0Dgl8g7kQ=","aDrNkBA6e36fhZ+YdqngU2cBvVbQnbpmcrDJ/OS4/kA="],"block_size":4096,"path":"LICENSE"},{"block_hashes":["RR1TIL5zFgo2u6VANBKcZi3vWctHBF548MDBHl8EEYc="],"block_size":4096,"path":"README.md"},{"block_hashes":["6N2Sgynv0U3+0JTT8+/OUth/HQn6netq1XyyFnMdJAQ=","eJIo3RJi2eyi3WXBOWeKasP2OaJ01PJT2mrYgDEWoa8=","iJ7uDLjk1MVGmR6mquZfpGmQNMNnqRNT7lUmYePQXg8=","Mz/DzXhiwWcNUNQf210KnaEULXcPfotCh11i059r9uQ="],"block_size":4096,"path":"_locales/bg_BG/messages.json"},{"block_hashes":["GsmrOCwNQwPueHeeD8+Y891Nn9PsWBYcM7OQTvlEW7U=","xQyKel8SbRSmeWEYGlKZ0NqxzlStqpGupg2xaUda6eQ="],"block_size":4096,"path":"_locales/fy/messages.json"},{"block_hashes":["uVbBM/MjqVqK9wVutANaDh8amRObpTEa2EBydoNM2UM="],"block_size":4096,"path":"_locales/gl/messages.json"},{"block_hashes":["09ByN4gBXKzno1A577etdlOJlDudt1U7J4mwU+yLi7w=","8Ot1zSA/Z2YUaN/iYSiNEzbO7Epr/t8WYG/jEdcw65k="],"block_size":4096,"path":"background/background-worker.js"},{"block_hashes":["MH7RVupMeUvUc3s7PxzwaZjpZZSOOfYhvXG+XlhsKgk=","jllEKPCdVjFNR90KqSCtxw9RkUW8E/98dL3Mvvn9AAk=","kFkWvHy6SjYsw64Tv44AadUSzAsXvlLQYMWFxNqt+xY="],"block_size":4096,"path":"background/background.js"},{"block_hashes":["rjb9qyv8ckBhfovure24dhMzACEvnMPynk0/nYqHscI="],"block_size":4096,"path":"background/content-scripts.js"},{"block_hashes":["v1UqFF4Ye/htRGntfPMcdTRlHgPGQfXBh2qY39jET44="],"block_size":4096,"path":"background/db-chrome-storage.js"},{"block_hashes":["qQVPVGWmI5rWAV/7R7ktuvFbEbbubzBeimvOTRnOz0Y=","crwKZA2/yAtYQx6UVhYrT0F2+WmdVOQB6LgXHruB9Qk="],"block_size":4096,"path":"background/db.js"},{"block_hashes":["QBdJqE5N2GKokGp60y5POVAXyZQ0ol9nXfnX7t9+48I="],"block_size":4096,"path":"background/icon-manager.js"},{"block_hashes":["aHJSfZYFqvAbGa5Lau1CJE6I9fnZQ7Xb+so3qOlNgD0="],"block_size":4096,"path":"background/icon-util.js"},{"block_hashes":["6Wz2CoJHOwm2c5tHzg6A/byzeZX3wB6xTmJEC+XgPMY="],"block_size":4096,"path":"background/navigator-util.js"},{"block_hashes":["fEDmQu19AtcXxNLV/+4KSavu6Bhz3nKGnVmUzK1FH+w="],"block_size":4096,"path":"background/openusercss-api.js"},{"block_hashes":["BAKrW/Wifihcd4tm1cNLWPrxw1iD2TJrX5oWgSGEp2I="],"block_size":4096,"path":"background/search-db.js"},{"block_hashes":["sROVsL4m/Vnmb7C47Hb+mIg6pgpkOl//+Hvu3pgkbDA=","JIiin7t34Pxnt5PZLRH5KGCdvLHYAsQR/OL2FUvHaos=","qY27ieoka0cGWYkqPhvwcV1WxLPLFxCT0rSpicdewyc=","vn20IF1NTT58iWHdUD+UFJtg3TZRk1YexyQMzLwLR7k=","7BOJGiKJmDX3rKxpi3xqwoP/ncg1wpYXqr/yz6Q/254="],"block_size":4096,"path":"background/style-manager.js"},{"block_hashes":["E0LlVxS7VkccGK4+y7SJbTxcbpj3TnvwXUdv1cpyX0I=","wDdR7jSCqTqBRs8AFkpsIHh/em8rLYcs7VTjSHPtIvw="],"block_size":4096,"path":"background/style-via-api.js"},{"block_hashes":["VYVf6jI2klTfXVn7I1/hA16JYVUIswzK1txTPJ82u6Y=","kmWkOpJ3KfFPRTGRgo+nwsN3sCJj6+7MGH9S05Q30PE="],"block_size":4096,"path":"background/sync.js"},{"block_hashes":["dV7K2+170IXhSGEgCDMvvksn8m0XU1WfMMu6Ukefn6c="],"block_size":4096,"path":"background/tab-manager.js"},{"block_hashes":["dn4e7AwX+GW5C1Bf9nWaFF+sBDBABZnHQVwnwmkRF6s=","27zkQnSP5TtGypMf3ZKMOsCtbRD9m1MwiVILKeXmqVA="],"block_size":4096,"path":"background/token-manager.js"},{"block_hashes":["GvQPlK10UZxmC1FStyJkFnr5XCON4xeK+wemsvzvhvY=","MH77EdhfnB7zqECk3zKe6o0NN9UAkpTKDewcuDbiRF4=","EPhAKj3lwa+p3mLcasE628VHEbpjBfYA3SgMfVogv/U="],"block_size":4096,"path":"background/update.js"},{"block_hashes":["Nmi6+gVsa09eQHP3OIbBLzO2wq7JUxDzB6ft/wt8H6s=","Iir7Pu1LMJfXtGn1TiRq93RJC+2awGPaX4AUOKPx6fo="],"block_size":4096,"path":"background/usercss-helper.js"},{"block_hashes":["QMd8csHjKAPZOeskUraB1h5rnqmHqEJpxfduigKWOlI=","3oeTQ84hu3I8zwRJXFsCLHyP6Y7rmM/ge1BGMy/K/Xo="],"block_size":4096,"path":"content/apply.js"},{"block_hashes":["9kRlXw0YySzZgHglQ3mV1gIXblVOpWkeK6kI1OVKyz4=","c4n88XZ7NN8xx2nobkodkILzaK1AVSXcpW2SzFIU/4A="],"block_size":4096,"path":"content/install-hook-openusercss.js"},{"block_hashes":["Q6EajEIucaY5h8SI87IZc1sgFlI4uJ4IOezP+NJJ5B8="],"block_size":4096,"path":"content/install-hook-usercss.js"},{"block_hashes":["WO7yenBklZ83K0zWJdII/aWjmkaIpub05mZ60obHKh8=","/Y6gnnJ5sAZL1Ab+gwzVbyuV0bl66RuklYYUJS9WGWs=","A96Kph0neB/O4lN7igQ/IJuPCNDOGLG70VIKsxe/Fyc=","4Zohll5AibSM64TlghASQQeZiaCz9DDDlcplFCpl1jY=","sw0v3rWiEZ3dIm7SyVYZc+xP3oXUrM6pnTJuq7E+++g="],"block_size":4096,"path":"content/install-hook-userstyles.js"},{"block_hashes":["8QVvdRHNCyQCzkHis4riO6PayM5TvNbdilvYhfKfWIM=","WYEpH9Fxu+qL2Vl7LtWvR6Tmn27XbBWbOBa+nsv9H6Q=","Qjos6NujaZo6PfHDGc+nB5uM1DDxBK6Jej1w9vpSylw="],"block_size":4096,"path":"content/style-injector.js"},{"block_hashes":["FGoM1e7BQ+2Yk05x9lqhawFe+LY2fuvhFpaywB5J2S8=","iLj2/0rf+c9ttX+RXZACs2hOw2Rc0nAj4AtPY3e4NUs=","dwg0k8kWgcVKCComNcPVFnElDsUYm95aI2O8iwbj2gM=","pya5y02prDHEmqrHGqmf1X/pvTRrNjRTrOE1UjbKFOc=","YYTohmAsTKTwO/VNv3KD3U9oktcPFdsTgFFkbqyDeaU=","/c85iEgPHW/PeWbp7TCbaNQ5/DVZpzz/Wy1j6n5gysg=","ZrOUgESHufYF/WGdRQ5afw+dnvUuC5CK+Nba3m87zJY="],"block_size":4096,"path":"edit.html"},{"block_hashes":["3LjYva/ez579suiWH6rS2dsmIwgvs2f87XsDozQQByY=","bdyEPc/Ji1aGgxOVQm5R45UB2Lpa6oqDLs6AOpkWzzY=","xnWVYgeHmW+YUvUgdwam1uJBz3f68jf3gE0qpifBXG4=","o1CPm3/gBY+SjAkq46wszVpUmbMMigdv6PvsNQNnuRE=","OhxN5dmx71jfTEWhhSTJbe5xmGYPrsIo2LYAyfI5fmQ="],"block_size":4096,"path":"edit/applies-to-line-widget.js"},{"block_hashes":["VAAMU3EKFcdMzciSbauZZuXpLwLi1z/b1VN+UehsXAc=","tWZLsWuqcSowhS1AD6oby8L77mHa5oqIrXX78jisgjY="],"block_size":4096,"path":"edit/beautify.js"},{"block_hashes":["FCmZeLHZaqbJfD2XztjnfIZYmou1Mq0kn9/zjztK+SE="],"block_size":4096,"path":"edit/codemirror-default.css"},{"block_hashes":["TCnYBYXI8i2jPTVPclwKq1CCW8kGIKkfIMurX4+9sxA=","HDJw7OpyT3V/xPjBZGTZh2gaaBDLZuwpcqwBOB2/8ps=","Nb7kwg7k8rI2FGnaYOO4FAI3nAcmyQ4Qvkb3rmIHytw=","DPdvaFKajHVSY/cdE2qywQ1XMLmZWQytOn3XN2b1nX4="],"block_size":4096,"path":"edit/codemirror-default.js"},{"block_hashes":["BdRKFLforYUiPOCDjP4SdyhRBzaVHJfdYgTyEaUu6OI=","3sBoS1edLDAb1cxoU+nt9k/Lvy1LD2GE6YNLWjjILdU=","QZ8mzmR9FitRyS55BggIujKzvtevU90iLkr2gTDWQhk="],"block_size":4096,"path":"edit/codemirror-factory.js"},{"block_hashes":["4I7D/f3Yxa8opOhCLMDgJPtqaLaIefmyhiLvEqDld0I="],"block_size":4096,"path":"edit/codemirror-themes.js"},{"block_hashes":["lFMr3QFiK2XVFcUmkFiIhtn1p6wZXKaU+GiuHK33fQ0="],"block_size":4096,"path":"edit/colorpicker-helper.js"},{"block_hashes":["E2AoP/dCbmliqm5gQ5HEwdna1vqmw2icdEosMEHZD/c=","9PUvQkwxaWdNT9Ed3ScV9WkekLgwCnAFrdymAEPpekw=","yEG3Y5yikSA0SEhFV4PffQIoiJanZuaWGIwmXqPmi3w=","uuU9c93oSJsO7cD04UFu26YfZkdKo56Emz8mesqEkwU=","x8wgZSWICHUXp+CEDvZPOiW3a6CGIWRL0CCIAYo0/ew="],"block_size":4096,"path":"edit/edit.css"},{"block_hashes":["6reAtOyNjt675EKYfSP+f3pXJtQ7E95OypOViF5yHwE=","Vmjd3gIsSL4SdDM+pk64fj1OKNtI645ZEEntvxXR55U=","XKe9tJcn6X68GHUuPiKrADL1Ew72LTZSTJ9XMeF6R+8=","Ry0139J2AALENG6CVcbljr3x3UqB3dM3PBA0URrK6HI=","DyHuZY4LZbxZr3EgIAxwM78jFiSWyLKHlwVFjvIoki8="],"block_size":4096,"path":"edit/edit.js"},{"block_hashes":["CfJZVs7SYsk6NwyHp/gRVb0kks/rQqJeE/APQsJbOZ0="],"block_size":4096,"path":"edit/editor-worker.js"},{"block_hashes":["CnQJ7RUMTOYeNVr6Kwd9g/L06N5qSeBgUSRHHcQc6DY=","CVEaTzuZrYIpcbK7zS8G0oeNLKgiD1ySME7a++67vVE="],"block_size":4096,"path":"edit/global-search.css"},{"block_hashes":["V00nNS/3gCpdswUcg/E2vYl/Jh30lZ9262pz27x5JbE=","1ThQh4XvoNxJMEYUArzLV2SAm0tGNH8+UnHlr6oxBLs=","bmwPmNnUON6s1afrZcyiKtZnq4jNNKTSnPh9/4J/hxY=","U8ER+gvc4s7fUXCxk9jWi+eVPm1FCg+6R7RGWkGnF30=","a3kmiIcrWt7uWiydMkeaOuHxNp8AfWuz3ipzjKKmRJE=","4KulyscOPQ2vgTZJ0kjdyIok0AtC3OyvrWZrfbzmiBc=","eVNCMGuH5YdFKGYUv9+MalNRz8k/EWT1MHLD4saom94="],"block_size":4096,"path":"edit/global-search.js"},{"block_hashes":["jkrRf66ulsOEAiFVZoKoSm5bd3C84PLrgDZd2gx3xtI=","9y3tfb4F2Y+G4RxhmVNDEAKJB+7sarcPzcMzoWUL/sM="],"block_size":4096,"path":"edit/linter-config-dialog.js"},{"block_hashes":["Ng5D6tI+dxGuPLxju7SvUVGBTDF+ve1J4Ao/bvYrvBc=","3tueYEzCd+aLfy1vXdY2NvxAGea9gNHr6wb1IyW9V/k="],"block_size":4096,"path":"edit/linter-defaults.js"},{"block_hashes":["UW8nLhOOsDx16uO3STc8Q6lS+YqfZ+O7PBbqL4VKdzA="],"block_size":4096,"path":"edit/linter-engines.js"},{"block_hashes":["zeFqMgJN4QpgqkqT5GdGSyfOUC5msYVUDPwHifbS12A="],"block_size":4096,"path":"edit/linter-help-dialog.js"},{"block_hashes":["voRR9Ph0TP5FnSib8+Ir4nbvFicQJMwLpkmbp1ZrtKo="],"block_size":4096,"path":"edit/linter-meta.js"},{"block_hashes":["foRqsTqpTo+QECMXWmob8QAKX2U0GZexgVKkQoU9XVU=","YXU0qmQpcovQqWL1zTduZqKqFf/Bvkx8fRFn8MKRoyQ="],"block_size":4096,"path":"edit/linter-report.js"},{"block_hashes":["8zbD0tn3eQnbpz/QYXDo345AMRD/FtJpAqcC45VzVBA="],"block_size":4096,"path":"edit/linter.js"},{"block_hashes":["chcwq03A8YRsQzgfemwZNnYny9cYy0PnG8JXZKYLJcE="],"block_size":4096,"path":"edit/live-preview.js"},{"block_hashes":["uK2AOv6egovpUV8UjG60c3gKquEg0PjSvHcZPbCd3XM="],"block_size":4096,"path":"edit/refresh-on-view.js"},{"block_hashes":["7uR/LUnyPI+lZCfCEvhzevq7LKTmsP0QEbT7N0zbyxE=","KPrKWNHD0fatpkTEa/HBUes2L3FQWxgPQ0G2zUdReVA="],"block_size":4096,"path":"edit/regexp-tester.js"},{"block_hashes":["ih+OcpsdD0N96QOH4Y6RFJC0lQkc959qmQCdGlXvrzA="],"block_size":4096,"path":"edit/reroute-hotkeys.js"},{"block_hashes":["ugBv2W+HDwTVahCAYZmAlmWUAK8LD4yGoB75s4ILOxE=","t/rB+WI8RuSx4M2Ecap96kC6wtYRPVjzBmoafeesuS8=","LiB9wtclsp8F6N2vCUEfos6fCy5K/7RfE0X4c+MrNUk="],"block_size":4096,"path":"edit/sections-editor-section.js"},{"block_hashes":["tEd5pEKguAqo1qthdSQfbHF1ppyD+gPCEzY08udEVog=","wjQl6mdqNzmShrH7eawSVoVkWGX3734YKAVdTVfmjNo=","FcrwPO6zxDvNbSRNUtmVNgY4Oz6Ey6asTv8ec0dfDdc=","hE9aoqfErPlfyeEBqJdVBQKSrO4L1XJapy9imULCrBs=","bkk4iTMG24YLoTTuYDVmre8Egr3srE4S3DIWlFcYKkQ="],"block_size":4096,"path":"edit/sections-editor.js"},{"block_hashes":["pFLZt46fDVXwCtwm8OzwfWDaJQ2C6pAiiHwx5DNdLAA="],"block_size":4096,"path":"edit/show-keymap-help.js"},{"block_hashes":["+0Mvt8iwypnaf7SEweoprFCH13QrR2dXvMqbJvyDi/4=","b/jbmkckOBdKRTwd3UxpWMwgmpi9OYS9JeVw+31M08o=","ov1U+55de73pzFxdG9d4WG0fUyyqJ+8k1X9U7fKyjW8="],"block_size":4096,"path":"edit/source-editor.js"},{"block_hashes":["XNesjzAZ4fcOn+K46UKQONW5nnxoJTqs4m5Jd0p/x2M="],"block_size":4096,"path":"edit/util.js"},{"block_hashes":["rELI8XnAY/WVtJCS06k035KM9S3KTEub5lznrtkQ53U=","9D5sBtd6QEKABB84L1ctrlLAen/ex9Rz/+6tgfh+cmA="],"block_size":4096,"path":"global.css"},{"block_hashes":["agT1UqhrA5rWLZt0TwJZVabHyB0FPbBh/uBbz4XvC+k="],"block_size":4096,"path":"images/icon/16x.png"},{"block_hashes":["6Pn39nUdKGtsCnPrA/+Imc6/EsPA9p72/+61lvh2QxE="],"block_size":4096,"path":"images/icon/19.png"},{"block_hashes":["w/eEIsev7neHoXBvr0gsMgOTbatQxg9JNMZ8nZQpBKg="],"block_size":4096,"path":"images/icon/19x.png"},{"block_hashes":["JBnAIdc9rbGhtLjjRjBmdnZd1ele/xyIeVN5S7A9Ekk="],"block_size":4096,"path":"images/icon/32x.png"},{"block_hashes":["LFLyY+1Gz245tnkQgyTV75oyy+8dnY+/wvDS229WLGY="],"block_size":4096,"path":"images/icon/38.png"},{"block_hashes":["TjXN0zW7Yo8HhhSPZpewhLjPKhE4UsY1TMQGgWV9sfc="],"block_size":4096,"path":"images/icon/38x.png"},{"block_hashes":["mkQzR8fma/d/gALt3VAUxuBS5WJCXesXVjtHvqyl4QI="],"block_size":4096,"path":"images/icon/light/16.png"},{"block_hashes":["Jx5h7Jkq1Ad4/X/IuewLzT2+xdFTniXVih9RL2zC6Mw="],"block_size":4096,"path":"images/icon/light/16w.png"},{"block_hashes":["orMQyNuhHOiZVvwlLdtLzbl6SZGuyrrInFOt57gsswo="],"block_size":4096,"path":"images/icon/light/16x.png"},{"block_hashes":["mkQzR8fma/d/gALt3VAUxuBS5WJCXesXVjtHvqyl4QI="],"block_size":4096,"path":"images/icon/light/19.png"},{"block_hashes":["Jx5h7Jkq1Ad4/X/IuewLzT2+xdFTniXVih9RL2zC6Mw="],"block_size":4096,"path":"images/icon/light/19w.png"},{"block_hashes":["orMQyNuhHOiZVvwlLdtLzbl6SZGuyrrInFOt57gsswo="],"block_size":4096,"path":"images/icon/light/19x.png"},{"block_hashes":["0zVmlLg+zbyafhmzCdtSxD/8TzHvwzQ3CZH1KD6LaUc="],"block_size":4096,"path":"images/icon/light/32.png"},{"block_hashes":["MYsZRRHB59jHi4T9Xg9DL1z8zuYHwRYnJiXpTgwvqy8="],"block_size":4096,"path":"images/icon/light/32w.png"},{"block_hashes":["HiHlwFKShs7jLrqh8Tv8tQ7TJgfUNODe647Z2iFacxA="],"block_size":4096,"path":"images/icon/light/32x.png"},{"block_hashes":["U4SeXLwDkZF791nt1lCtzZ5sFRHlcj+pOhYoVn+nn5g="],"block_size":4096,"path":"images/icon/light/38.png"},{"block_hashes":["4RA6QXhOJVuMVlzN4UoYhffeHcX7+v73M0ugq3mnuag="],"block_size":4096,"path":"images/icon/light/38w.png"},{"block_hashes":["P8z/EzWbccgr5X8d3uADhKf+mfssfshrKox1KmJ8j0k="],"block_size":4096,"path":"images/icon/light/38x.png"},{"block_hashes":["1dkTcIoqLCA/tVhZYr0vx+6O2gtFxA5zezxGTrJaoNc=","yEFbWlEy8LWQfuVrQv6J2meANQONbo5BIZCPdJMPkcM="],"block_size":4096,"path":"install-usercss.html"},{"block_hashes":["zF1udPaa4XYYvq+xFNmJdgHN9mTqPxX7hViVt9wvUM4=","9ZpBB4eFJnqZ3vTKCRXOfilbPXhzbSCaYeTbC3dQQEY=","sXjBVtsXG/aJp5kdDn3SwpX10xtp6t3XWNlAV97BoDY="],"block_size":4096,"path":"install-usercss/install-usercss.css"},{"block_hashes":["ynfwBcBNM37XNWWUj0ALylx3V55aLMa6m/JKB6SIMm8=","DEqWIw/h9DO+9CiFBdpTVHcmNt1u+dc4Z9o7Vvc+NR4=","py9LHjFcLW6KDxsfgJepc7kRvBUaUGm0zbpaMSsIKs8=","bKZ9aWABKqmDUjgGwZtxgr1ZvJN1Wd6SOC6kN1w1iFY="],"block_size":4096,"path":"install-usercss/install-usercss.js"},{"block_hashes":["XWHr4wuPUXwL4m8A9aymONu9tvMpe/G6jY1BR9tpxHQ="],"block_size":4096,"path":"js/cache.js"},{"block_hashes":["EW1Fi0a6TVsgk1Ka9doih9lntg8SqFbG5iardIVwdvU=","9ZoENuEMQJ7xNPy5QTOYpSyv8nIeJZIl9y+XPubGT5E=","RjfV/1OiIPe0UCEmdsZ249pphv/akFBLQcaPxiVYpHo=","031LI4f1aI7pyHKE3PG1XlotosDbbaC7fjMPoSACExA="],"block_size":4096,"path":"js/dom.js"},{"block_hashes":["5Ku8E41rHb7V3JX80dbxwT2GhFcydja9VybTapknjwo=","+RVB5BxpROCOWGA2L7LJS3WAbbILvB0kpbhKQvRAmZs="],"block_size":4096,"path":"js/localization.js"},{"block_hashes":["4r6Zsp/5Ga+jSQdLjDPggmySEcFdGkEiV7XSaFNGy5M=","9gBOGnYn46u+j5itAsghdhJJwH/msM74uhXQv2yp7Kc=","V9ricgrdXEaU87OrTgQHed2QNgZJSE/aj7qt1XFgaRk=","Z3Unp86iNu3hPnFXGOL1YQIYs7L4ObOeV6WXONPvcF8="],"block_size":4096,"path":"js/messaging.js"},{"block_hashes":["YrsJKt29GuorOabGgBUUTO/RL8jE1Ke5ZhwaL4ZCLqI="],"block_size":4096,"path":"js/meta-parser.js"},{"block_hashes":["H5RKbG3zG9oKLBW8NfWFBB1Oo9F3R/eoOsA2Zp+R7SE=","kJjVurQATCn/kgC7vpIoQnangk8wyrMtBiJxPTirlyE="],"block_size":4096,"path":"js/moz-parser.js"},{"block_hashes":["zsGHZFnAzMXAuPv/k5j1Wbu4Lz0O3nd8TPW/GSV/Eng=","7tjOAc32SiWHYGns/VErPa61v8cS3ajc609yVe5r85I="],"block_size":4096,"path":"js/msg.js"},{"block_hashes":["eVGrfFD50R4F6n8EPuh+GtMOC3/QNnkgJ8pVdxIVbW0="],"block_size":4096,"path":"js/polyfill.js"},{"block_hashes":["ULmJ/MncEGEOblVsQY2eMfzlY0LgJ65DTticPtJ/51s=","dTbBwHDOxBO14J6suTijcyLvzuA85Ul0FwvAeG1wHtA=","/wCD+YTF/qX3zJ/rkAPsvq+Kb114iHACFLUk6DR3AIA="],"block_size":4096,"path":"js/prefs.js"},{"block_hashes":["D7DlwZC2Q7jLZcg7n3W3I+oNbaPV6DvnBMWySt4ORfQ="],"block_size":4096,"path":"js/promisify.js"},{"block_hashes":["SqhMEKawiLnGl38ShMe29CKou2WN/nOTQl6AaK0rU9o="],"block_size":4096,"path":"js/router.js"},{"block_hashes":["o3m1aHelS3cYw05eNTWKPV2OA0FTAFkiOJyRP0MOo+M="],"block_size":4096,"path":"js/script-loader.js"},{"block_hashes":["r3tSQZ2rOWR4dAdJf56KIs84CQErZcTYbLFKBfeMxFM="],"block_size":4096,"path":"js/sections-util.js"},{"block_hashes":["6hEmj/Tx48vZCUPUsQFSMVmvnxlPHm04hJNjCzgPlTU="],"block_size":4096,"path":"js/storage-util.js"},{"block_hashes":["4Vesma35UXxyEIVGjBmA0gPpL0PpnBlDMJ5YbN5fXXc="],"block_size":4096,"path":"js/usercss.js"},{"block_hashes":["VGKnYyXXP4WYVkHmW4DkmOJolbrD5Rxfqpj5RAnQeU4="],"block_size":4096,"path":"js/worker-util.js"},{"block_hashes":["UxfYRbuBFQs20dQn2iPoLHDzNig0x7kvbPSHnmtxMyA=","HY7/4w0s6hOzJjQ71nk/9nv/ni8eHH3BUmp9xADyhDY=","SZiAgpR1PHe54IR1jtPJk0VzKgMmSozxLefIgisGhfY=","m5FmCpEtuMm0DCELrEEQqTSuHbtkxNkBGGHl0b3qN3M=","t5HUQzSO74XyDDgAxeXEEzII+HV9W1IYIx23qMZa2Iw="],"block_size":4096,"path":"manage.html"},{"block_hashes":["OrJEpp83mq7LtR8zsM4GL1YCEc/ZHG3tC3kBzjiOf7Y="],"block_size":4096,"path":"manage/config-dialog.css"},{"block_hashes":["SNwYFGPQ7gKOCKy4LaIZ79laPGXPsse7ROcQDdLlD0o=","runBrBvKeQ5EbF8zMbYzwoKozFnzHH2BmxJSlLV4i1I=","9q09zxU6WWhjpuszbJgilFV9k3SnRbL+zuZQBpgfH3c=","ma5Jnlgp+e3XmYwRxRUQU7T/k5g4aT5bCIW+zGSl3Rc="],"block_size":4096,"path":"manage/config-dialog.js"},{"block_hashes":["LYrVDsLNpFT5zooha0IkTikRjStTkWgqMnSkSfgTB6g=","oN3KnGr8e/zBoX7lZSE6e8Xo3dJYdEFKK2g6fi3mjII=","8zmdC1p69rpPEvvDeCX2FmuFzZTHb3c2wPsN3ffyMB4="],"block_size":4096,"path":"manage/filters.js"},{"block_hashes":["mLY1T6ll4y482QEpy3Yfg6eHGV4RnFiGj9hJsyfrw84=","gUo/1ehUsXjli/P2qZBtddm7d0S7hcMme0jWpYz5VTE=","njmrpHeQegTBlGwD4EgmteaL9IT2npHb+MhqrvwaNIQ="],"block_size":4096,"path":"manage/import-export.js"},{"block_hashes":["k4puKQJhi4VRs74Ugg1E60uM9hJ4+RWPQ9qkqra7GhY="],"block_size":4096,"path":"manage/incremental-search.js"},{"block_hashes":["XRs9fSzpdLQnHTZD6nO1X0kmvyXOYIAgbw6riec5/hE=","36lP2YVjVujDHSZD23LyU7JUTI0yfQXq/1ymsL7wOFs=","l/dyt5zWqd2vq13XcGOCLXz1EBb5mjnPuO7Oh4OcM/c=","2mFP8y0hu+GtRu2N50SrpELriSjdvGylDZc7UoDman8=","tEfYbwlQfRO+CIMnRVEJDWccsfRD+yHsERaJ3PQU4dA=","IE/a6dAws9TAeoZDWyqnnbmp6MY+pxqA+7RVv3hpRUU=","sv3oERqt06s5wOsMRS9wvdZ2uLKa0dChjTzSHNLUhUk="],"block_size":4096,"path":"manage/manage.css"},{"block_hashes":["pcfVWInDYgq9SSPGYJOH8ZzKA/7fWdMVrNMlZAeM+N4=","5RGhvAI/CmmJG6YFJgxnAoz/TkIWJEc+c/GbcOOTSQA=","r1g+JQP6C3w4gmalHHuFgNazP3ArFNJSArbtI1pRtoo=","1i26vURwn9Q2D7dcBTA7UKl54MfJUxjCz8RkirjdhEM=","BGMGlPMPJaRoIies4ahqflj1j0yrIeHUbUbpiAEVKRM=","MsBhOH7tBG9Hs4vL0yC+M3+BHhFto+zDMdTsHv2+2bk="],"block_size":4096,"path":"manage/manage.js"},{"block_hashes":["X1ow26O7gskrSCeI6u+3Tib1D7KyPZrXwc6khtWXs1k="],"block_size":4096,"path":"manage/object-diff.js"},{"block_hashes":["IOj7B+XPQwpKJVhqbzK+IgxLBNW7RNgJyKj8HLfLb+k=","QF76MF+E5WWXB8qsEAL3OiFVs4cyWJJuyX0YM5HiY1Q="],"block_size":4096,"path":"manage/sort.js"},{"block_hashes":["Nfe7DSb/KZL/wiLIu8apiRekf/R0kebDCE1xnvZgGMM=","uY+Z7akxRQCPRQ++66q3SwdQ9+eKPWjWxQapkWUXQjc=","plYgkbDgjNbAxUQzVRTKkBZA0QYTr+5N9OCboa0woPE="],"block_size":4096,"path":"manage/updater-ui.js"},{"block_hashes":["bz1t8qH+kSXyqjnLvks5X+vImwOK1S4wj1Gobhft77U="],"block_size":4096,"path":"msgbox/msgbox.css"},{"block_hashes":["ntLclzzA/lUf5+IuEkEMtH66P/fMV4JNpJl2BlCUBCE=","XOat9vJ4dnmNdJSYx/VEu5oPQ4u46nmXpWHFqS1p5cw="],"block_size":4096,"path":"msgbox/msgbox.js"},{"block_hashes":["GscEM9aPqmufJ2r7ZkiTqsbJ/hWlivOUVUj6erz2yR4=","EpbeFCz+afIrNk/xJQ+cWFejnItstinuPs5BORmosRs=","UW6s/W2D1k4lISB1gDzgRnbeLBSiLFKUyrs9ONIPCJs="],"block_size":4096,"path":"options.html"},{"block_hashes":["YFLlksqr22WVQNjMMmpQlZXlzeiS1V/6vp3XYVzvpQk="],"block_size":4096,"path":"options/onoffswitch.css"},{"block_hashes":["S4smKduLgJ/LasidGYGCaAdgVrPCaO1Inyffa1Tswkc=","K2TCZqXfbRNK2uJhCBKIdGeIADhKRRwC2Je7vuxvwDQ="],"block_size":4096,"path":"options/options.css"},{"block_hashes":["mItdlDxRDcxbklLeP2wfRxjQH208Pl5hYlEgpQ1GrSI=","NIJkn8acg6c1VwWgzBDLpZAJsROl6/2vcuS5Slk0YRw=","wPq8KwIGD1N/qFkiWh5HA8g/Sio7aRnNhKVnANu4+gQ="],"block_size":4096,"path":"options/options.js"},{"block_hashes":["vVdWrMZFUGXLMUHa2v35cXEiGI7QpQJq5gtnVbHaWwY=","9aPEqsWEWLtSMw1f5MmE/9M5nScfcbD1dFebChp8G8U=","20UcNHN1Nc/atMPMYVWMf3YioNXmTTXStPMKcy4oORw=","//g+Q/jZo4P9h9cPiFRzth35VsppbFrRyt/TTjp31Fw="],"block_size":4096,"path":"popup.html"},{"block_hashes":["2RGS/UnLUE/mITXlGbvkcYZxU3DGTpyCAap8JCVFQSs=","RFXyFmk/92S/3PG12FoVnrpi/oeJWGHXc1eR4mWL51U="],"block_size":4096,"path":"popup/hotkeys.js"},{"block_hashes":["w+W6L8rfAH/VCWohssaLI1R98GmT0PvG0q8MRQKct/4=","iZgqza6I0vavg1pHJ4HTouX0cEoffbBnW2l0wUuWrOY=","9M1wLR1Q2QqgVYAKrotHVrHm7I/UkyWfcMcWWg7HIkg=","R90rBGj5KJHfIPsyy7i5I4oTnhqGgA/h4WF09WlXTvg=","OQuL/hmJ2ISdh1gC3XMlboBTNgFXf/UlhXTfSxncGNg="],"block_size":4096,"path":"popup/popup.css"},{"block_hashes":["ECCO6ZF2YfSdk38LlPsfSgW4ADZMXQzapncphJI2vys=","OQ4xZbDujvc9FYyw5RQd1XuYl/nUz/O1NV9OKBMWLgI=","R5/UL5t+l4J2eqyOW+SrwTEd9Cwxi2bpm4e774OwWco=","/UFH5InFZfGWYqxsKWHXKU7muUYdNOna8ftEThN1IVk=","63TET6oS0v3RxJg4cSuOSNbvB3G+UffB1pUYv2XO8UM=","UMWL7rKQ5F7JZVIfU/Qr08zw6T4KW5cF2fIteo8kGU8="],"block_size":4096,"path":"popup/popup.js"},{"block_hashes":["EnT03TEQ7hfoI5e4SaeyApW1MDkJ03GKn0IbDl6peIs=","txr9dbSx7TQ9QLcx6kQhEViwSmuVHe2qzypazCi4NBY="],"block_size":4096,"path":"popup/search-results.css"},{"block_hashes":["XFnt0d/qxitvcJU1vcKoNSWp7imbr7Z+3lP2BE/Y+x0=","dSutHfrmiKEV2nCVrwyALFkU+4DWbKN+62DZ7y+F+8U=","4NJ03KfuaiI4RDacUu1ZRRcn98prwr/Ubd3VUH5WMeA=","UaAgp9AfsMub85lxeelILJcPDw1GV8Y78N9HKF02AEc=","6E4QpayWuPqq8Zu45RZjKvRV0CaEvsLToZWMt1JV47U=","BF6IMuiw42ZAVC42nSUY+7j4WgWRfdANDfETVq+6qjc=","dH23xrH0xK45wyutNOUMrsqwqh+i+WHhSj0wiUmZo2Q="],"block_size":4096,"path":"popup/search-results.js"},{"block_hashes":["7bcS/12O+8pmXB2UPAtGDBiwhxa4e9+lAJcl6uu+dSQ="],"block_size":4096,"path":"vendor-overwrites/beautify/LICENSE"},{"block_hashes":["k0mM/x4MZZfoVYWopgKt2O1oliFpTNJsmhIZ9uH+A1I="],"block_size":4096,"path":"vendor-overwrites/beautify/README.md"},{"block_hashes":["WQMAlvv9x5U6HE3GCmFeKw5KgA5bHY2szXW+Bhq8YRw=","zcr5XBa3A8WeaPg/GyypzXR83xfBu3MU4i+saWWxxBg=","1Flm5YW2V8x/EEbz1VnmRkPg1ZZv5k7AcAKdXfRh3Yg=","n/y3ulcP2tVnDeI9LPqDu5FrH5dXiGuhcn22ZqEe1tk=","pEAupBf/pVsmlWSn44qTBL/uco73Gn8ZrBD3wfKNNSw=","7dvtR+a2hT/COheToeiVeD/gSKVST9yeTGJiBIUnbKk="],"block_size":4096,"path":"vendor-overwrites/beautify/beautify-css-mod.js"},{"block_hashes":["PMWMUXLtBwgaGE7v2hTrD8yA8lQtDZ5TXxVkwGHXd4o=","6md7JpDywEFaFsV6t3AdNPgnDx3UfqBNnalhFqcdj1o="],"block_size":4096,"path":"vendor-overwrites/codemirror-addon/match-highlighter.js"},{"block_hashes":["asPA9gTLVSyruHMFPpky7QLcN8ScLlLCGdqgmBX6+SE="],"block_size":4096,"path":"vendor-overwrites/colorpicker/LICENSE"},{"block_hashes":["tYZKBroL3xDfISxzVE55KlFZFZtZKiQXbJGLBffKyWY="],"block_size":4096,"path":"vendor-overwrites/colorpicker/README.md"},{"block_hashes":["1Rb18VlXftL+hw8qzB6DSkEw38/eZddDccI0xpdie5Q=","bt7AGHfm8CqeekWRhrQmE5lPcyO1ueuMMekz6/0q9Kc=","zJFmSxY/WjNIKHtMsWUtd5cjGVSOWtKFVMawPkMKSIo="],"block_size":4096,"path":"vendor-overwrites/colorpicker/colorconverter.js"},{"block_hashes":["S5ZXfHo1og9tiDYso55AgW9wEAN26BPQipFpSdtCiJ4=","dwUCFavygaiUjiX2O7iuDqlY3I2HIQ8HCYTNI81R+cI=","mdkjop9Qw3FkE2OyxiyNoJi0UMuEN6P8yK8KXc4BGmA="],"block_size":4096,"path":"vendor-overwrites/colorpicker/colorpicker.css"},{"block_hashes":["SetovXC/gjlbxP8qgF9lrEZ2Nu06ankdOFzZ7hYVETI=","QzQUZ0uIDMDMdbY8KGc4Hyr2gDrk9+9dTCKrHWqRPEc=","tu77IGvoa3VeSH6Mc5QnkzDl4e3PLMXZ/GVo/KfQd+E=","uOeZH0ff+bKm6QKYavUQbmMQ3FJfFEUGwprCFCNJGcY=","6kHRkazObehry+N+VqPpCk8G+ZbGHCeMtHRr7qEhjaU=","XaIpEVFRdW7B9+zNmDouXejsiu6T52YbhTAYm0hIr1g=","U46aPcQzwmUPJyIWWzDEQRnsJ52+9Tdl7TTP0XUi+KQ=","cZJgLnOCG4/5zqjoX9bzuKJc9zO8l0t/ECb20A08tz8="],"block_size":4096,"path":"vendor-overwrites/colorpicker/colorpicker.js"},{"block_hashes":["ioiOYg/ddOWZ5qdBFk5vl3E3HlOFJI1pq2e8x0LqVag=","YGC5UFqzbQefGagu6ntz4O1RRXjmKh2CePsqHQQue+c=","8SAcq/oFCvsh711YXGZd5D39UdkHhMO9QAyHzr3iOKg=","Lce4LWJ/NVd1HFzZMkWMNkdIARhXnxLghs+Vbnr7ScY=","Gg/x8eAGdkoJklEOaicJwJ3mBHLgz6un5hRaZub6fLc=","Zsd8Zq00qHt0oospBBeKWTyq/pZWbQAeteS/E6VbLSk="],"block_size":4096,"path":"vendor-overwrites/colorpicker/colorview.js"},{"block_hashes":["3tFgTfYqQ7ik8OdUpL2hsQ/7mbKlDikGwt2/SDaiwnw="],"block_size":4096,"path":"vendor-overwrites/csslint/LICENSE"},{"block_hashes":["SqVZ0ZpstHN7oYtFX1eYXfh8YJWyS5Rlh8gcPkunn4g="],"block_size":4096,"path":"vendor-overwrites/csslint/README.md"},{"block_hashes":["92mtsqCq/BzO38KGm/7Uo2IdI6uGaYfdGaZAHAP6yrM=","Hv0+qP4AsSZjC3V1xXn+5bm87nUBm9eVOizqixQV4xQ=","kfhVRYK1yMXFC/9OWyNdoGG9bjUARrgz0UFPWBacJf8=","6LmhYh1wHVtfyFsMJdMGluYes0u/zw9YcpX7+jVP6eI=","5n/dO2YZNKqYOB5egP0v2W8VVk4VQZYsDbMOV/4XnXc=","gOIhgPVNvBuAMZOcRZGY6wxa/IIBL3TAKRtRrlPPopY=","u6BOw2Fgb4qmeKpCmostbcaDQFzcigL/QydCMjqOwSM=","CBheL8w70Y4jsLEAz/I4ILC2BWYM/UTUY9wKFM1FgbA=","bg2/zZY8LFopx3NrOHGtKKU9sXTnB6JjUEOtezxa93c=","AtBLiVsBKGvaKc8hEINFiNgW1MnATlqb4/dlOCoV0Tk=","tdtSrnjwtDO/zeS7+JMCjnvrWbRH2rXPYXuiIOq0NfI=","HuZefwqfOzuGTKTl1HH6lemVGkOTSuAEK1T5FOIoAOA=","AAHCxet2wEvk847WRzxytZRds6h0IExphCZMEm89xx4=","UJ2pULDK8/YbFu02bzz83Iy26P6x3EyzIBYGAPK9Qsc="],"block_size":4096,"path":"vendor-overwrites/csslint/csslint.js"},{"block_hashes":["yfS9raZBAOe+UbwAloAiQ6AolFhLLzNN/aOL39NeUVc=","GwyAuKM2m7o/K0R1VcNCd4uwhalVeQZuTLJlQROru2c=","QzOPKRpNKz+mEvmZOnV/dFOzYEpvybf5FdZJBl7W5bw=","E0b4KFm2wNQYiuhxmjn8+lKjbgIZmkN3BytuUk13zj4=","nczP/vzfNSD6uZQoVX7Yqcy1J9RPzr8DuUUN0rcCmQ4=","Oqw+t/qcw9j363kBD9WER01O7SGvuHOarhGl8N5LYdg=","yEGnYPGV875Rcoypym5fHhSFge8MLazU0eYErkP1bzE=","5x58MZCZUWZly1eA/fu2lfesEbW3ZQQgo7eACeZ2yAk=","8fPgMrAgQXEPrYpVhk1bUgXBENF8v1+9IfK/aADNLzI=","UY1OYB9D9SWWIe0aqNjWZaLbkS+T0IrXs+wg7KjHpJI=","+8kb2EOig7a3y7tyZvEU6is/OnH+bqM96G/zDFVN/vA=","b4K3gaup5oj7ySCkJ1XUgb5Cu6N1CLEMKJr6JgU/rZ4=","UARmRLWKgRTamPOwiYHoapmxQndkAq3ry1DxeVhizdI=","86O4QLqo/EDFvdJejvA9NU7Y4wh02l+Pqn69cgy+kMs=","T6dpac7nVLSm3M6IGlx4ewFOBW8AC7J/cy0Cfs/1oWo=","D4eUopg0WjkzYj+xC/woz3b3+GbBZ21LtTdguBK11RI=","/pDxUeZrAoD6KgfAL9DuxRMvWB9YOJZ98K6kRpDhzs4=","qw5bOTLqv4wUUytfXyPyioaucZI0nbmBYV8DnjIE0DA=","Td/seIY11sWVyky6cWP+7HxgqQSo19Druza9TaLduOI=","XSZIn7iJMwLVsIDv8y+Frqi8M+EEoDHVMsJe+/rswAQ=","wYI1fvJEopQFPuACwB26tfRJJ85q7xQ3sXJDj79p+mY=","u0V5gyV6pjCsDbzUYK+AMo/MLPBjKKT8631TTHmtZmc=","chBK/qp0wsvhecO0RGnCXvvAcDfjYaf6MwWOju4XtlI=","gq4cC2ptLrHLh3RCy8pByTPu8fmTdrHCeh0PiB0L5QE=","4GyBk0JfOfWyfcLxOKvYudcAIYgXSVeYQlQqiAfgf6A=","12CqiqZVYxR8dAJbnMOeBRqODGtHTnPJMOw2SJXvC1I=","of1WdiqMyr9ATSJMcPKbt1dV6+4AXDULNie492X77ts=","u11BqDs26b9BL9KsLMxCtpijzRRQk9r/09Oiw8q0TpU=","iahuILVe9PVImbb3Xm3t1pE75TjCE23k04XmfJb9Onw=","Pf2shsWlYTdDlo2q7c1N5qUX7WSsq5YXk5tHo8tLPgI=","LAiPkBo6NW8lqiirbB87j+475ZixhMXSbFaA/Utf2Go=","l3YPrtwFaRiBOC/XQWCLDxT7gkzIzE3JsJV35+A73w8=","uyeSsh1YZI29PhQuRC6v2VyigpOf1pDWCCye1HOQSaQ=","BtaVGz7KV6MYIPnCNinfU17rLSOon3vbis2whEJVUaM=","cWktMSaRBNk9feKnMdAah2FqiANoxx1vwYWSe79li9c=","5LjPQL4oV/qH1jOEI7XlDwsJNzQ7xhFPgRyGe92SqzE=","pT5WyifNZu1kuBye88U4UjlZ0JLTOMpGaoY5EWD3J/o=","+N21gzapgXBcf4bpjfnW/NeLHa5LN+uSHr+xN/qgINo=","203CFWPrRZYCxTp15iW+kMrFKOX5uqVho7sFaiuigXs=","pEHmtRMGt9d5mno8dvjq8ikFNI4HPI7NtUhjDg5ErKg=","EHrFy+J2Y3YGca5M7TtpHxfgOoHw8g1wJXY7uPtXsyA=","PmVoeLoQFTD9EhYotY8E9IEZ5KDStMjTSJ2z4W55tkE=","YHpRCpqU2Tqm8W3AUaIXql3JUP0xgxa1b6EpzgrwYuQ=","mcZ6nY2zu9U8ykAgOpbL/dsu2o5JqGGybvYupShMQLM="],"block_size":4096,"path":"vendor-overwrites/csslint/parserlib.js"},{"block_hashes":["o/L+Ksa0caqAxzfF0oPdBJvckDpzg17m1NLKwC/dU78="],"block_size":4096,"path":"vendor/codemirror/LICENSE"},{"block_hashes":["Dazxd6gN2GwpLjtlW1qyTypUuhp7auqaBFv0gvCsxdc="],"block_size":4096,"path":"vendor/codemirror/README.md"},{"block_hashes":["A5KouRLdS0eJQJFDBreEsxKKGSpD5p8H3K1bSf8ws9Y=","FaIwKhpgZ/vX1LZrGu/K0BwuAlBQu1a9E7ao/OASkm0=","1QqKRC7kLvJJgbojgZT20MjjSAnO3nmBoioOr8/s7EE="],"block_size":4096,"path":"vendor/codemirror/addon/comment/comment.js"},{"block_hashes":["XfaQ13HxIRg0hWLdKpAGBDOuLt7M0JCKvKpEgLHj5Gg="],"block_size":4096,"path":"vendor/codemirror/addon/dialog/dialog.css"},{"block_hashes":["89RNZmQwYUvceawnf5d+0tB0K8KmjaF7qOhLvs8r4bc=","vu7m7XsZtsZF7t+IwWd5oale23JoT8pdQ+DkcLn3cdE="],"block_size":4096,"path":"vendor/codemirror/addon/dialog/dialog.js"},{"block_hashes":["Os6JiHwDPRMKgrArrK5105BdcVGTzeeuyLP/ncnsbUo=","q0XolCLX1rvBNsQZN4hl6W/7eOsZtVE7KMA9Sxu0p9Y="],"block_size":4096,"path":"vendor/codemirror/addon/edit/closebrackets.js"},{"block_hashes":["FCuab9PgTEW9uxONH0l/ndEhcZgyx43+b6zTbV7+FEo=","4HcLhRdZzmKCs164SX087HZVliY9BRs+FvJ5CugDi08="],"block_size":4096,"path":"vendor/codemirror/addon/edit/matchbrackets.js"},{"block_hashes":["YFLlUsHPZ5tK/MXEDkMNwC16NsibGybfvMz5BObcDTk="],"block_size":4096,"path":"vendor/codemirror/addon/fold/brace-fold.js"},{"block_hashes":["uxrqMfzpwpnrdXW7neuSYBrF0dSkzHKe2uwYQImDHlE="],"block_size":4096,"path":"vendor/codemirror/addon/fold/comment-fold.js"},{"block_hashes":["KQdiiAmX/IsKnceZzpS3iKMem18MumDs0iBpCeroo0g=","CrwGeo9jx5KvezDc38c6RapmcY2RhcNjUJ0DNGNebBs="],"block_size":4096,"path":"vendor/codemirror/addon/fold/foldcode.js"},{"block_hashes":["V27800C3cLYNd9jCnp3za/WFdjkb6rUbQ5EU5O0BrFY="],"block_size":4096,"path":"vendor/codemirror/addon/fold/foldgutter.css"},{"block_hashes":["bf8h1D2JpRcC9MTrqGSJO/HsFNCCFHDIWe60QY4ywL0=","enRB+Vh5XYvce91vrcwEIQY1fJXfNu4XUXwHY8neUec="],"block_size":4096,"path":"vendor/codemirror/addon/fold/foldgutter.js"},{"block_hashes":["p6UXqJ/3akeE6fz3C7cKa2Qeerv0OE8veISk2cn9a6o="],"block_size":4096,"path":"vendor/codemirror/addon/fold/indent-fold.js"},{"block_hashes":["n56BpqubD6I+zUDpfh9oIrG+EyJKgNWgAH5Lr1tMBHE="],"block_size":4096,"path":"vendor/codemirror/addon/hint/css-hint.js"},{"block_hashes":["9PjI1IwVXcv44E37KbDVAJdEYNCCBK3+Ddo757s6L8g="],"block_size":4096,"path":"vendor/codemirror/addon/hint/show-hint.css"},{"block_hashes":["OrLP6gAgTqeOLE+m0dCuQE+nMzMvO941dqRttYK8/k0=","nIutDNMql5AhYuLqovnpsVXB6BdyHbYA36Y3Uct2WvU=","fA6CdJQegw9Eg8VXFhc2DotkQOKHFy0Iiiuh/VrloyY=","WxiUP9HAewHlDxv3LOt92qvLOz+H1FZ/70WXH8MMfZI=","CHBK1Z7kKg7VRyn5uQ3Hb/T8UN6BS/y8h+dtf/iNsJw="],"block_size":4096,"path":"vendor/codemirror/addon/hint/show-hint.js"},{"block_hashes":["oAsVJYTK/LQYolZOvyc+cbPcJRsN9iAklo+XSQcMpUw="],"block_size":4096,"path":"vendor/codemirror/addon/lint/css-lint.js"},{"block_hashes":["rcDdyQSIdb46g+DkSEVB5qk/TL2lalz48Ffp1nR+0lc="],"block_size":4096,"path":"vendor/codemirror/addon/lint/json-lint.js"},{"block_hashes":["dDBnEiZOZC2E52rfFN3yqILyvNpxc1Q4Z0cI23L+wgQ="],"block_size":4096,"path":"vendor/codemirror/addon/lint/lint.css"},{"block_hashes":["llLEsFOloypU0ApkfrDFtVhV7Ox2IabzT4r3fLM6WP4=","KPQ6uHM4YoPB488nS0TTpJcr0pgYauHP/lD8JK30TXQ=","hyO/KyAhNjzin2B8aFki6p5dGKRtP52dPu2gKqfO5y4="],"block_size":4096,"path":"vendor/codemirror/addon/lint/lint.js"},{"block_hashes":["nx8sZ5ZscNL9M/p2D7aw6eXZU1HH8PFqPdSpj59wCVc=","sD6wdaA0gY7NEoxejX+RxIWBgxOy62/mFUJIDTAJMhc="],"block_size":4096,"path":"vendor/codemirror/addon/scroll/annotatescrollbar.js"},{"block_hashes":["7k376bbRF3oe2V8vbJRGVHFlfWW2fmcZTeUdsG3Hdfs="],"block_size":4096,"path":"vendor/codemirror/addon/search/matchesonscrollbar.css"},{"block_hashes":["kdCvtWaNUvrVp2n20mQKLTYeZkzt5qlqUP7dIJQzD0U="],"block_size":4096,"path":"vendor/codemirror/addon/search/matchesonscrollbar.js"},{"block_hashes":["imVAc0BeHwVPVC0cCKkfky1Jt12cOP3P9/fBKEzRlhc=","f7ydod3wwJpUtmXUtVfZIyJ3bJ5ZvGPxP1TxbTFHreo=","omvtzl8cAHj5oIGq3J8nQEx4kt77FYhRzOF3KpFvOXI="],"block_size":4096,"path":"vendor/codemirror/addon/search/searchcursor.js"},{"block_hashes":["iohiSDy7CbDI8RU22sh2ZNTkIQb44IjCHHCHHL4oZrA="],"block_size":4096,"path":"vendor/codemirror/addon/selection/active-line.js"},{"block_hashes":["OlxD+f4S6l2d8TfvwOjHCwqzyjURUzqnnnKNEovY4/Y=","RSlUlQdiOQErAF/w4cD9L/yoiySwk4C9IMENxON0RAY=","ammn926Jra1LX1jwcm0Aainmj1s2UkfuwjLwYS+fT7Y=","y3mJrf7Xo1CtU8/oFzudLBDacO+Ya1Pl43NYuGF3eEE="],"block_size":4096,"path":"vendor/codemirror/keymap/emacs.js"},{"block_hashes":["MGnRuZM+xtO+JFTrUGE1cbeX7l4vpoXtby48UktBJVo=","k0h3QxfhMj06d6RNMvmbSSap5ul+MeH13HsrGYrSdD8=","+uBCE0+jpA5sQyMpSwAVmDWx1aA2tjSwvLKvB/ryEW8=","fCXzMwR41dfFVO3Jni+/sxQta/A8lVoDaYHgV6xw53Q=","niqkCKPfVxFmSujaNVB4yo2VZymn0GW6uFuwybarguU=","JLrs8qDiZPkp8CY0jRSvdyo9FtNV3lDwILScQdAym7M=","Rx1qCFUC2oSxu0d2ez34uagIWuNd4AcIkun6GmJOFU8="],"block_size":4096,"path":"vendor/codemirror/keymap/sublime.js"},{"block_hashes":["UGnP3+SMPrcMJS85MIfyNVDDwChDT3640i2C9HyXvXk=","8/XoWFZGRhZoygoOKVb3CZYSalsbT+4I70ZS0AvnVkw=","ckOMGRE/RBz617lc0jMjbvZaZmHSHis+0k1AtgueinA=","AI9GvuWwoRWeo8wqynv6Q4IYLyDB2U8otzQbkPqqC1I=","6uaqsd8hBjgnmoaVlcGkCKujA4IfD2OHc+3WkVOtEok=","X3o/bZBp2lI5aZAZwTapk8qwrRxF/jSWTWZQCienJ98=","GEvp272Mn+iuWZvhtDpzYhFUCxwV5wK9RzseowqNxNc=","1kG2uIdlrhxb8USpp+OT8UmIL2I2oOeQugWpwgokKVs=","82Mxipqz3OvZ0DBZiWh7JDUzAmk6sVDxe5O+o+tMw7Y=","fevv5szmB51wqgruK+qlU63N3ZqnmSfp2N3zGxPgPTU=","GAlyaM3pTGrab/ojpUwRpLDykm/TGJW6NoEGSDgr798=","GC4qluaXzekkRZv1IHdPgGLb4w7TFx+m+LJWnKViEc0=","M49fukgtmM/MuwCX4dosPtrePF5jMAJ7GJ8EbAUQO2k=","Oxc9O9yM/H2+EgugDsd0Hgni2TpShamJCVlqS0ona0U=","e/1+5Qzn7HRMmNoDbAztnLC4EdOCRxqLekNS7vSkFFo=","v/G3msOGV8lrtkhO3yU059BVYDgMb0F9gLkzQsJ+WSA=","eeytXg5HMWVIm0NGrZ5k7yvKwgJeful8usBgFDsVMsA=","snpCvhxEy1fwdUvlrVL7BCmd4l+19zpic5wVik7GZsg=","CRfMxKT7D/QND2bv4NaVxx3RUkzQtJMUN55+UteaMc0=","dLknU5gUCH0/S5gkQalkc3JY44PE5iznnBgiLASoETM=","hMnSPWV3A/d89G3jxBEH1IcHyrWsIFOah9FeaeG3uMY=","e5wImInKiZ3W0kuBsO7aBjCphlygIqVh9FGmyqw0wEM=","H8+f6yLB4kBUxEcp2/erkmdlaXYW6SmGsy9iVXVzTms=","yxXsJfTS2tL3tpWADtYwLsQ3MbKcWuGwrDQrexJG2FI=","0E5O87cSESAIJaENNhY9foQbTT3vG/UULLV2/H5OPT4=","a0ypC7HP84iQ9hTirPHSZ/fQnIRcXkwsLfSU6Gd2aIQ=","NTizB0gOkTm/+9qOzFG0ZCXogfrXS3taRLGOIa/pOhY=","k1wp1hiE9orTuMpYCda+O7PSMV2IUMqgvgW+IjWnO5Y=","oigSpA8rstYqoZAyWBqJkXrU0s/sGYpv7dKZEKRgPT8=","MNpqzl/iI4tH/EYJpyPS9uYY4awIj9t9mbixGJDBMeU=","rmI6iCI5SWNFk6Hc8if9W3DZyTygbDGTmSNmDwVZejM=","WzK2vbzvAz5na3j4/ol1zaf+qkR2UpsTrlIVSIskdFk=","kfwkydEyt52xN0/T8h7Z15jMaLzzoNJZtkWknjD8dik=","b9gbiy/ul67Q7b6JQbbcRYJ+QJj2YRg6tOezzzpEAd8=","dHF84mKQyT3SPvHWiXEdmPBfW81GJlBd7MQWTm8FF9o=","AoHs/tabyFl/K4/zSoxWGOipl/mP0phDoi4kyiLrGus=","LOZoLYQoDuirqefQcHkMTZbaJTJQF1uJfGFKrJoGNmE=","EgEuDnFHbUjN4KkDfVgal/ltLvCQrsU57vosfYoSO14=","DjRmmKM6sT9+m1eTNsrWoV61aqxMiXJfYhA73DKJ5Mk=","xfsMaJiGmHHZOuNQqILYZhKzo28vfVWWQ91CqyC4gJs=","HwqKj3ALVsKhJ/ODX/GNSldqCZlu3+LK2LUBJDhdFv8=","oNdjg3BabmzJiw2zHdq2HQ6Ipgsxfk7AO2MkmHfzXc4=","BNXcL1ddqUXsQYH9mAkIWyUUgLG+2NKMkGtR7opSwf4=","n3k2XIi9ZCF0g68qDgGi6YAzRoJjPPkEpSofHFO0H10=","XZSisKJyuEBD7Rex4Q3TccIqUHUCJKkkmJd/h/wsQOc=","qBoCAQL5nRBwLTEDTxcE7CdKhCSuaXRHdcTQM2GvTEs=","nOe4/iL6G3tfrxmkIk6dY2R7RwSwcxKa7wBLR8ix3Vg=","e/XwtOqQChkKKTchXSvVJFNco2jvTtmMQEUrjds2mF0=","wkezmTz3cOmDNgARPFT9Y7xs7fodYLfoCBfFjCiZp4s=","l7ar6bzKe9LEv8ueWwfEUdCa/SBfM4+KABuHKRK8O8E=","f40xdIBdn1XkFqntPlYrLGyeUqq7Z85O3fpJoLSEKZA=","EQo7tQm/ekPyNMdUf9tQ4VnwQC3+BKuObEjtqWuz0Bc=","Qzkf36vmuh5Io2GuJV9wfZ+3J9dt/pF+NWapxnKhz3g="],"block_size":4096,"path":"vendor/codemirror/keymap/vim.js"},{"block_hashes":["7lMJ405sCf8mB6FVnre1hlNGzZ9rmO5V4s1jgGAYK38=","XfXkHMkoNqOFlYPMxAOVoQB1hkfC13jmFDDMP3UbDNI=","605XdoLdlnbRYj/C9O5qcFdLmqiKBe7gvHayKJR5kYw="],"block_size":4096,"path":"vendor/codemirror/lib/codemirror.css"},{"block_hashes":["cERl62hh9GHlwinkT1SmLIjNd3elSSd0KeBirVuR000=","8MLwk7a/Zy9eJnphfJD/VVWra786zAsStqkc38TD1cQ=","pSVe6FgpZRNp7j7VfpSYdsZOrExwCOEA67VtwP7qRHs=","jn9L4OWgRdmeHr8rTMkHBNKzAUxFwQSWxdu0qvdnREs=","YSu4CtsIKX4yQzT14+62bfdhncBKMFlxMsaAjZIjLwQ=","oF6rtGXhhr/bu4p2GFZyi7BWTBUysAFu4NYceImRbtU=","scUxKRUjaqpdTzX9WBoDsiUswC2+nmU7KPO1PfJGejw=","SXIu61g4c7ZD8S24r7EIOGoNHGb+jLnR9FYjjZxIj3U=","7Enk0tfnmp6usj/TWr7Lsw1D7hgXvX0tX8Vvrs9o/lk=","nDS9hodpKcW4OKNuUYPItR6YR7kE3HtU7BLW56RHDoo=","jEhQe1Zanhk8W4XnzJVk2yms6Cy2qZTh5MZ7LXSV+Lw=","2FBruCO6s2C/fHxvcbaRFqtUxK+a8MXeYFjr8NmvLzQ=","d6kFhv64ETrOLPRr/x0tHjTGGoF+tB/MSm8e6vSZwCg=","uQ1OnG7zhVsjJ+TR2t2iS7HhqE8IVyL52ynNp+Sdiww=","e2PEtpd5LaYfvwH98A/qUGV8izLs50Nf01lDJbXJ2cg=","L3bQzWNYeCVx0KMiI408kJ+PsBEEKfGwMtNoSKoNfp8=","asWTFFUtKll5HcVKamHeGcLEfbhcS/dOjmRl1D8fetQ=","RKRG4pchfDbtEpne50eMTYXeCwOH54HA5fSSeLEUl74=","11/nRBur0ZZD5n5h2DdxRblOa3dPacoWAzPOeMzzRNU=","bhEhoPbJPm94kGUJRtY4u8sPv92L9kAv9I+jm9CLfzM=","S9e2ra3dx9qlYO5gkNlIyXKB7vu1AHbsjmbCvU7KjYw=","FTN7IOxN/nv5fLaLyxP1xN4YeNeBeOOZuR2gW7SoU8o=","MT5qItFnrBiBtrKs+JstlxiFLp4/4dnxvKv51nZyhrw=","lc334Psw+41zYWech+y5syC/bIHoXCTNdGqy9wb24W4=","0/fMQReJ8SL3pu/rFbvvu67FjUrzJa2g++IWlag9sb0=","VAy6omvETjfxgxHovjY/KCQb9H6ZVFA9Gh6EHz2O1wo=","vH7rkb20u650BmtLiUJ0L2dvJkfgqNVNtOjpHikmiXo=","ErUW4Kecu/zlzVO23Voew3MZq2FM7/8uYw8c/pI97s4=","GtBgQf8rbBjOaMFZZAiCphz2A7wzTmHWOw/FWAdfXgU=","5hkNY+ETwihzJQlOlYPnBBKMNFjPZ2BcdZO4veU2/L4=","yJ840mdKgagzKHS93zvdJFRtRNpe0x51fNxcjG0qL6I=","eO5KWr41Qba04tL1c3x/jJlUAE8nJhCLfsVH0/kLSvI=","BWy2qoXNYCIQhklQ8GlxYFOSrmPjCbGg76eu+Jc/rNY=","stWl2VqJZqTN0Ei0trBVyIzMoNPJ44Xt36p8XGKeqZs=","TJtRd1BMrAWtcnvys0bns0lyWnMsOKu3it4e5SghtE8=","RPggOLqvTNXhOQS6HHpkJCU/NaBSSVhSgUWXAYbnoLY=","XoLkUztP+hOq7kmLbBPJhbWiMYP/XPpZiPt9cjGfEJQ=","pY1RnqNQqzQihk2Xk1DvW+0JAWUG2J7fXDIguc8W6K0=","q2lC2U2ysw+k6aXlkoesGkYpXURSS5XU6x36TTyOvsc=","cbVUtEUqzR9vlAP+SMt9PO0smzB6LsoDDnXbSThIVWU=","+F4wjIit2vfx7X/7A/WmJ8QK394f0yWq/z1a5XmOjvA=","JB/j+b5+ZDnRWH5BSkueGGoVXBNfHrBAQTu7ipSnLdc=","VuzChobuYkQHEoWh6UNV97S5K/+EVouYPzHr0BDkJhk=","p5b0+k6X1/rl7GiL8e3PHeRy25b5LEVrxVHtPxtGIAM=","P7oc9iBj4qdmXAQ5Y/UeUuXlxc389yijFD3bWgGL3R0=","cGfwBHUOV2MpS0rpZ4zvOmd5QU/5zUt83VcAizyjsP0=","E9TYlh6wzTJvckealfClYxBTrEiPe4qPjhkAQT4NRf4=","8fe2KX2ClRaQbogagIptOAFvtRs9ROvh0Gkk92DCnDU=","BQa756QR1NLpnWRnS0g716lXRwiPlePaFokzIHNNltE=","sv2uivF2MmtQxj3E5+zrLCDJ0NrZtUYDhmUTIoQHs/0=","Bdcb27Dso2u5rlhk9iEQLcMQYjrWldY7ZFAR8/v45og=","GUquIveIP5BdCaVfZ1AQXzqZLQHktp4xN2OmNEEIwXU=","M9tCIfNoXzty05FpKc7xHxf8uJuAAasmbHJODyPKxSc=","bBXVZCuRnohuRv5XEAd/hUiBnSbp4KvW0Pxh0OwZqBs=","yaxYfE+0zHc54x7g/waHgF7djnSmIX93wdhBmEVDf+c=","bivrpxEsZb/XNyTja7jss7w9dKv7Vl8Gu9yHDNSolWw=","fFMJvMiHYcq/TKPd27ZX/O1sfO0ZybVbLBEjLO7y9cc=","tzS/3lD1UF8+CsDKW/Bj3NfEAcTmvFrvOXD9WfIP4CQ=","1eaJrDwKa+gNxuVplwPiYEwWsRBkL57yht/BosPObDo=","6sCYRWKkHDFwabQkbSt9MtTWeTFyLU3zt+YIIz9U3ug=","WoH60J2XGHPrGw0oeVlk6lX+5/AE1gT2kaRmh7NawoE=","Y8cZCkC3cWhzfBIYBeux1vUxJ11x5fOKTJu4P8HjAQM=","7I9I5TeKPAaEUBOFDTkxcvKcuR1dfxzN1CGbBRZ3j+o=","y5v/WmD/TBWpBINZqsRYM8WWDhsWW7t4jRnBg3WkIAs=","q3lXxvEl2pYX9NO4EaDwSplmcWuoQkOUYBFL4o5M4Tg=","bT8hpvFhMLvvsix82grAXuWBVQpyU/XOl3Ke91wlNTg=","UCmIlnMtZ75UY4TdYOlYKicA+hOGNNopvoxcBF0QfqQ=","YuTz/rXHjVWeDMcdon0FXdyKQC8TEr85QN6j9zzp5d4=","7XHsjrbF7OR9VHI2QRIVP+q1ZdtH2pD7s00rj07eLVA=","9jocviSAe+bhChsQTOM6Glw1IE4NpMFaMmrg8Ml20P0=","L2tr1xqTP63eHOrebpEbs5ZM8jrWAvKeogytfJDDxPQ=","0R99jgucESb/4CUOjDjGTJ5rk3PlM/vmw7eX2o71ROg=","3GcY8V2PE91vHQj/uG7EiBGLXCf3rAJJPK5R6UHF8Zs=","DsMTKBAtKLeccUpU+SLgMrjuDaYwPGT85N52xOE133s=","gH6icFHpNbWQkZ2MoJNbvDHEuIfMvnww6YpfBTsEOm8=","nH7T7cCazXsh3n3HWt397OwlDbc9wSVlaxuAOsJJr40=","/32aVOc7g+IKJnbj74doa2U5xExg0nzZZ+tJ9vCJVew=","uRH4d6nSz8GnuwFoowLoGmgkgtPrWaHQ4iKY46fi9D0=","0ePqmszsXe4X8WXkHSOjPXpstte/38ERFXEBR1fM1vY=","+UzkkT5EvfxRHAF7iAZ+/wlYvShK/CQkaLewjecuriI=","yx7Ef+YNg7rJwuPvxueTScDp5X+SeTEnm4dOit5LPKA=","YFx/9Xr6fL7gfCCogdG0tTVgwce1qeTLUwrxxEM78I8=","yGSDFWO1cTXm5/v87pdu9E8ekRFFl5cpttT1wwldoHU=","CVxdk23mCPAkH3/0PTigTwmCvs8dxjYBkSNubUxVmMk=","bsR7eofCnMSjhuAFLeL6k1dcYU24qzb3aBeNkDOAOH0=","xftxoTzfPQqUzUngDSv6DdJB1oxpgaWTZYHIQMwfgdU=","NmtLleMsyqs5zHpQtF/jGag4nkslGT8oD/haBAhxDxw=","sC/G3HwuTMo9u0JqSEYUMAiti9EoieML8eesISnrFrM=","JdBDEONE/COghPc69v158YQSRGHwGNsOLOb/ZfVaVRA=","r6wyoTeFdRiUKrPYB7JdZxGZO1FZKQ34vGgj49mq4sc=","o0z1O1zmFyZQpOqZm4tvIo7uuO5Po5S2mYfHxsy5lwQ=","suiDUkPBKO1cdPqXNQ9xHYrJjvWUG7v/EF54zctVqZk=","NeD7ZkJVcSLjuc+uSpbwzY31AJJ8MsEVHMB3JsFIuvQ=","4/1DFLQ9yPli2XItTVob0/qdQDUA1d35L64vZ8iNn78=","9Ar2C/uwbex5AAhxhUKcZIdVRgy9aXefODs61y6bH7k=","kZmMf1XkkN8SCVB9/LVM/TA6lM1b+C3ep+F8/Itr5wg=","zv3pghTh7TRgRvyq4mkGdzl03JvrVwkouadsIONw0PU="],"block_size":4096,"path":"vendor/codemirror/lib/codemirror.js"},{"block_hashes":["fi57di5vTDsCd6N/Dh2eTYaTjb+3mkY5MHe5BRsxbmo=","QbI6uonrPWD3Q1cNEFFD9JWSin3udIkNGDi1ls0jSlU=","VGig3OWayFBArc/Nd+ZDcmBQuwCwX1148B+Q2k+Prco=","5HSCXDN76Hkvkzvb7BMT6q27keUAkX0MGJxlDvodSiU=","jj9LvuDTSzTWXnVb+qki68A66yRBOwgbqm93fjSHloM=","7niLsZn62OGUB7eGhvIYRFlGJjwb8LCHqh49Qz3E6S8=","8o6b4uvFDtbVrIw3JaA6A+rgGBilqXwPIatYKhnHRy0=","oGyUi6dNbRuU8vdt/liK8QLSd8Y18kUrirVtrcq74Rk=","AFyUSV+1qR73VSnBXWuc8i9Ck74uXmIb2Q9TzqsYmOw=","cIIreibudLUhzUZ9GEnzdGD5v4gPu+1djEwhCCjNyyw="],"block_size":4096,"path":"vendor/codemirror/mode/css/css.js"},{"block_hashes":["u3GITMn2u6/CV3p7b+21za40C1zTcLniC1WA2T6hR+c=","Z7nIndeGU6Lag4lLW2No2u9mbh+lhCPvYSoKLbVC8UM=","9W6TS7CaIFeEfpn20T15nnpVq2W2v+a5drOjZVdZaGQ=","VyIpkXo9/UDHSd7GU0/ndb4w8pMszPp7gA7tCUwnyP4=","X4xc2gae/CXDKZxmglfUUGbvpGrsApiZoVBrlhQPkXQ=","beaFEOWlzoz0HKlVSEYiog+X3Tj4YEtnWOpLUNFWszo=","dMhvrb0AQJLXnQjLSDcupNrkQtjDG/QBAXKFFB3jSXQ=","8+Qy0FCghBMyUorh/BTwMn8kOaW8ib6WBJd5C3kvOcU=","vg43dN3TAZCRrrU25AVs4UZDCMErSvFNTWg0h2l5PHo=","vYvxE56rhk2ZKNejiXOuuwqKN1AfmlAWH9xpGBF0sns="],"block_size":4096,"path":"vendor/codemirror/mode/javascript/javascript.js"},{"block_hashes":["9080REYttgWeLZ4bKqXkYhEEsMJw8pF5ozwHnDzENA0=","yJ1T9ANDmUec4tmLOzmuEII/5PmGgS5ICMPdOPTEzBg=","0ESyRQ1hq+6DAzgNXsl4nPu9PIaXIAMN496FPG3jmyM=","Hg+5Rh/fSnl3QpWHGj/MyB5NfXbGP2lQQtBfRNEW6vg=","ouZPZcmEZilwM14cKewia3uAfdxJV7vfdKmhnrTPAXs=","Gkm8Lhdsy6P7JF4vlcpn+gXRPTNm0a26/hoKijkdW18=","B9XfnSQVfA8TyGMZuX170DZFA/9b8UZryNdtgpApvBI=","jgR9qK1yic5974t7ohp7HjL4+qRKMF0dUPZq0UW9NiM=","Pj0YliJGktVUB2jsjQWugo4rNz9qbbLI2UKRS84yppg=","/xBeYSXQEJr726bT1pVvXnjhsMXzVp5lh5tNnw6e4sc=","SEBevjEbpjS4wVHa8SL3tfFV7cffzfKyaOPLgwljKkM="],"block_size":4096,"path":"vendor/codemirror/mode/stylus/stylus.js"},{"block_hashes":["fJEmodiji+cKbZaHL4rwMhUgPzxllZdTFMxPdfeSuPg="],"block_size":4096,"path":"vendor/codemirror/theme/3024-day.css"},{"block_hashes":["k62i8orMg6WJwtZRR0l+9XMiN7Kp5tq7PWnUhuHTpEc="],"block_size":4096,"path":"vendor/codemirror/theme/3024-night.css"},{"block_hashes":["GfADyGh4N7GVp2jTmgFfrhSUhe81RyYWG1Ed76oCD5k="],"block_size":4096,"path":"vendor/codemirror/theme/abcdef.css"},{"block_hashes":["NWz51TmnBGKAjXaFHiS7AElnZiHQC22FHCse4rD2rFc="],"block_size":4096,"path":"vendor/codemirror/theme/ambiance-mobile.css"},{"block_hashes":["xjNBxQl9YG4ZZ+xB8TmTG8YyCWXuMzeQIzYXiT5aUnI=","J6pLhYnUVWhO3wsqgRVCpNs+33rhzxxDgVkMVu9byRw=","jG7Gn11qZnrsYnEkQu3Vn1eW6GZGRHN8S9jRM5fEJEM=","qSNi5OwJdKeA3vAMlWZvg+GsV1k2uYVhDIvb8h/rkuI=","inRCJhdHLZLsn5bBeFXil8CU1fj2+7boeGDQwIF05Kc=","FlJOO08bMg9uG5XHA1GUQocmvju/SMAw2zdNcDtFJ4k=","hGKcjnHUcXetUxAZKJKl3J5Plmsx9dlo28ajXc+PDwU="],"block_size":4096,"path":"vendor/codemirror/theme/ambiance.css"},{"block_hashes":["e4R/T5bS/iGdKH2eyVpc1HYOYj/9b3ODa3EmoJQ5oK0="],"block_size":4096,"path":"vendor/codemirror/theme/ayu-dark.css"},{"block_hashes":["p0XpRT3h+8X+/NezaIByokHFj9hcXj6NDNgyppmrFjs="],"block_size":4096,"path":"vendor/codemirror/theme/ayu-mirage.css"},{"block_hashes":["emGSdkvT2hWPB1YJQvR8bvsxXcxGK3fjLU+hQMf9IkE="],"block_size":4096,"path":"vendor/codemirror/theme/base16-dark.css"},{"block_hashes":["gjHWhNpKA1HhkhsyWvBgQbeeLk6fCqHQU/FdIUjj7/Y="],"block_size":4096,"path":"vendor/codemirror/theme/base16-light.css"},{"block_hashes":["1D2lWnhZ6r2Up3Ne/4IFwTaBLivbA3+FqwJjIP2be0M="],"block_size":4096,"path":"vendor/codemirror/theme/bespin.css"},{"block_hashes":["VPCBHwDRMLPDKDz2eef73Lj5Om2oiuQBFzkiCoFs5FE="],"block_size":4096,"path":"vendor/codemirror/theme/blackboard.css"},{"block_hashes":["Os0qLNmu+uyjtBpFHiZAhADg2Vi46EWtS81e31/5AeA="],"block_size":4096,"path":"vendor/codemirror/theme/cobalt.css"},{"block_hashes":["R/laTMhLZM7bA9yvUzdCfO6F3USVgirLMPfhurg71oc="],"block_size":4096,"path":"vendor/codemirror/theme/colorforth.css"},{"block_hashes":["/DBW+u69mRFpkaeUuH/uIplmLrSAv/R9rhB9P+YAViU="],"block_size":4096,"path":"vendor/codemirror/theme/darcula.css"},{"block_hashes":["Av32BJYI3djQ189kA7blslEzB0Dfw5N3T2i7ZHJ7PG4="],"block_size":4096,"path":"vendor/codemirror/theme/dracula.css"},{"block_hashes":["Q4Y20vpbJa3+O5FESBoCnm9Lwn9ab4wuLDlN1c/h/7Q="],"block_size":4096,"path":"vendor/codemirror/theme/duotone-dark.css"},{"block_hashes":["UQ0Q46O9H2lcnrA0qBhoNPmyCYb9jEG8FISljJ8648k="],"block_size":4096,"path":"vendor/codemirror/theme/duotone-light.css"},{"block_hashes":["WhzJFLQmMeYNz3p+/UEqGJczEHrgZQiYawzX76gjnuo="],"block_size":4096,"path":"vendor/codemirror/theme/eclipse.css"},{"block_hashes":["At+BZ4vozwp4DkMDlbD2Trd4/qwiFqOx7KtShIq8j+Y="],"block_size":4096,"path":"vendor/codemirror/theme/elegant.css"},{"block_hashes":["8yhsjdoYypKt7Sqjmtdf9RZ8TAfK3dGR8bqKMlH/fUg="],"block_size":4096,"path":"vendor/codemirror/theme/erlang-dark.css"},{"block_hashes":["4/R11Vhgn2EpGNfA5hTdfiC0+LwbFcUy/MU3YZGEzW0="],"block_size":4096,"path":"vendor/codemirror/theme/gruvbox-dark.css"},{"block_hashes":["IHTaOxAkWcZLuddgx5DV37xKGAWgJkGf6UlJGK3KXVQ="],"block_size":4096,"path":"vendor/codemirror/theme/hopscotch.css"},{"block_hashes":["roJwt17LREB7HKtgxO8zX5YUYkd6qQy+C0qaTPBt/44="],"block_size":4096,"path":"vendor/codemirror/theme/icecoder.css"},{"block_hashes":["xSwdYnse1q10KTworjVVP53pby//km9+QBhhgkfLPJg="],"block_size":4096,"path":"vendor/codemirror/theme/idea.css"},{"block_hashes":["BaKfblbb2690x1xYWtZrpvQxPa/Abo8EGzQ/uFFCGrE="],"block_size":4096,"path":"vendor/codemirror/theme/isotope.css"},{"block_hashes":["t3LsHEtjqPMa+bye5DYaArW2YM8jisCgVpSu2NqDMKA="],"block_size":4096,"path":"vendor/codemirror/theme/lesser-dark.css"},{"block_hashes":["t5mivDT9dQtsixCj4MQP6i7gNQR5nRO7dUXRHtH1s1U="],"block_size":4096,"path":"vendor/codemirror/theme/liquibyte.css"},{"block_hashes":["o9y+v/e6JWMhuS6ksDT8FcuP4IEBD7xnYL1ZoN/40G8="],"block_size":4096,"path":"vendor/codemirror/theme/lucario.css"},{"block_hashes":["WDWquuSBSdv21Hz2EWAVXwMOM4grSoDDX5o9YO0GhoA="],"block_size":4096,"path":"vendor/codemirror/theme/material-darker.css"},{"block_hashes":["LlRE/9nZHw8pWW82SjkNPoYL5Qy85fWkj5arFvEhzCM="],"block_size":4096,"path":"vendor/codemirror/theme/material-ocean.css"},{"block_hashes":["neasHlmo08xF1VpbXrGY8Rb3dkfipu5JF9Z7c0MkACs="],"block_size":4096,"path":"vendor/codemirror/theme/material-palenight.css"},{"block_hashes":["YAKbQlHapiHaNC+YKn7n4zmN1td6Zas0iv83Wr9Cg7c="],"block_size":4096,"path":"vendor/codemirror/theme/material.css"},{"block_hashes":["I/IhbdLU/62KbOwg3edJ+Q2vh7RbmPNeGYFuVFUoMcM="],"block_size":4096,"path":"vendor/codemirror/theme/mbo.css"},{"block_hashes":["40nxMTRx2SNSXfP/j5p615BDJjS/UakqKdNh60ighs0=","wBMuVhxQbyoyyli/p4BcUTWva0G5dacon7wSbxrA6VU="],"block_size":4096,"path":"vendor/codemirror/theme/mdn-like.css"},{"block_hashes":["CAKmFz+scfrkCNKmGJ3/COAUSCouE/pFJ1DOyRVemWg="],"block_size":4096,"path":"vendor/codemirror/theme/midnight.css"},{"block_hashes":["JGPcb9kgGaDHyiqqAdAxFrKA+nxq4BvyHffBB9m2g+g="],"block_size":4096,"path":"vendor/codemirror/theme/monokai.css"},{"block_hashes":["+Ixasdq6C6hSbd0C/BCu6Pp0bkssfwG5EinjijPTYCo="],"block_size":4096,"path":"vendor/codemirror/theme/moxer.css"},{"block_hashes":["WMLC5bxpwvLiouYZo3maC9cKh1TBNxBNqrSjnlP0JQM="],"block_size":4096,"path":"vendor/codemirror/theme/neat.css"},{"block_hashes":["qRnm2qfT/Q52+7DC2rgmj2+ZjTgb9s12gC6tuLb0tv0="],"block_size":4096,"path":"vendor/codemirror/theme/neo.css"},{"block_hashes":["DF3eQXEFl768TkITJEuIi+d+5FHH45TYo6LqmohwPuU="],"block_size":4096,"path":"vendor/codemirror/theme/night.css"},{"block_hashes":["ojj6Xxcai2EhcOtnz90PHExzGsXhDRDqb98WQt0e4bE="],"block_size":4096,"path":"vendor/codemirror/theme/nord.css"},{"block_hashes":["pDV/AgrbMP94EOq++oTaMvkQBSsFpjOVgmmEvfI4u90="],"block_size":4096,"path":"vendor/codemirror/theme/oceanic-next.css"},{"block_hashes":["xtWCchZ3fiwwFMBxEKcIJEQ3mxFSYMbU4CRM+n7d+CA="],"block_size":4096,"path":"vendor/codemirror/theme/panda-syntax.css"},{"block_hashes":["/FUfGjLKEdQCOvbch+43hfu1/lBEzawSBX8K+cFzHZc="],"block_size":4096,"path":"vendor/codemirror/theme/paraiso-dark.css"},{"block_hashes":["Jf+TAfSDF9E1hvdMleuOZl+w6OE2S0G2IZ0hipbX9ag="],"block_size":4096,"path":"vendor/codemirror/theme/paraiso-light.css"},{"block_hashes":["0T00SJmFoqID0yHxWvuPa2gbdOFrgejIDIuK2d9WFZ4="],"block_size":4096,"path":"vendor/codemirror/theme/pastel-on-dark.css"},{"block_hashes":["6bouQoqwVHlpwCwudvvcx+opYWViDGUrIg+nQnmJukg="],"block_size":4096,"path":"vendor/codemirror/theme/railscasts.css"},{"block_hashes":["3Y2eMkt+BNEUyDzrgwH4kumdzi6eF+1qGbtMFiK+OEw="],"block_size":4096,"path":"vendor/codemirror/theme/rubyblue.css"},{"block_hashes":["evT5j0L2vPdKdPYG7Nava9xsVUm+JY13Jumok2e10S0="],"block_size":4096,"path":"vendor/codemirror/theme/seti.css"},{"block_hashes":["WNWIRi/EC78JBJGQf/5mlLCUBsdviLe7COesxn9JeQQ="],"block_size":4096,"path":"vendor/codemirror/theme/shadowfox.css"},{"block_hashes":["snCzh6hh0jjZmLiHzG3BZJo/TsA6M6/lAvE9/Xiwj2s=","3ARCK55qihmmqoKT9pNDxRrJyqFzxEaFLTbj0X4rZEw="],"block_size":4096,"path":"vendor/codemirror/theme/solarized.css"},{"block_hashes":["+W5UiuVT0DMS/q+/TEqr7zsCbPh/A0audU5eofl9fhM="],"block_size":4096,"path":"vendor/codemirror/theme/ssms.css"},{"block_hashes":["/xI8AR3KXFxLGudlD5ivvw5O60n1oCxE6EioAqxf0Hs="],"block_size":4096,"path":"vendor/codemirror/theme/the-matrix.css"},{"block_hashes":["Revd/CSbFMIdTmf0ZxgSrIdMWfEftOwn8gw85Q57cQM="],"block_size":4096,"path":"vendor/codemirror/theme/tomorrow-night-bright.css"},{"block_hashes":["awFdMeqqoIvTXYVYLOq9Ebwrb3CMGgUsD3qUUM4jZrE="],"block_size":4096,"path":"vendor/codemirror/theme/tomorrow-night-eighties.css"},{"block_hashes":["ntAjlfKm3p+WzoFLZ65zxPrKrWwMSPfP5lm809/8UxA="],"block_size":4096,"path":"vendor/codemirror/theme/ttcn.css"},{"block_hashes":["ltApMINjtnG8JfMP1DnRcEzkUFuMNil+PKQRoARd8js="],"block_size":4096,"path":"vendor/codemirror/theme/twilight.css"},{"block_hashes":["YeqS2tHXEEKY2+dJ2KAvqX6ovcFhbmblz3ALjsCGLJ0="],"block_size":4096,"path":"vendor/codemirror/theme/vibrant-ink.css"},{"block_hashes":["ysjoXXYVnEW2Y/IpzAcFfiibzZ7aQvfH6citOV1+jHQ="],"block_size":4096,"path":"vendor/codemirror/theme/xq-dark.css"},{"block_hashes":["KWl1QR5Q0aRIVE3Y0JUD4B6h48uRxo9QcYLCA4swLTk="],"block_size":4096,"path":"vendor/codemirror/theme/xq-light.css"},{"block_hashes":["8Fi/poAY9nuNFlq0IER8nJnvWJvgjdD+QppK23qtHwc="],"block_size":4096,"path":"vendor/codemirror/theme/yeti.css"},{"block_hashes":["MCcQDdOHKQzE+fzPAgP6X6A13AIapmGCrrdVrAW84eQ="],"block_size":4096,"path":"vendor/codemirror/theme/yonce.css"},{"block_hashes":["R3gLzG1CnUNDkq7Vtjwm7+1rzj003xFYVzcA7hieqy8="],"block_size":4096,"path":"vendor/codemirror/theme/zenburn.css"},{"block_hashes":["CGDymbgwTS2KwQBFd02V4lU/LdaoRxxuu3NCT6DW9JI="],"block_size":4096,"path":"vendor/db-to-cloud/LICENSE"},{"block_hashes":["JQ+r2CrdZgQJ9akIhYNNBDt+Xce/n6Jr5XxQyCb84H8="],"block_size":4096,"path":"vendor/db-to-cloud/README.md"},{"block_hashes":["EnkWmlK64liCh6D3wf3hHsUOfyTadYbIO0RfnDQHm44=","QVCyIki7OrpmJLgZXAt6IQxmlBTR8v5bxio8o4CRy08=","K5wcObDp8WFoCRLPMb3CT6nKq22z2/iPVhYKgo6hLOo=","N5o2stE5zVDRrzhpENmurNP/f8c3hoNLOj4sBOtFjlI=","xv1aB0E4QpB0jUOcuy3nOVjvn+UVwpqiptUKRqCCSLo="],"block_size":4096,"path":"vendor/db-to-cloud/db-to-cloud.min.js"},{"block_hashes":["aa6wqcYRgvTpCGG9OzksOzkM7sODk878D2P9DqmZC08="],"block_size":4096,"path":"vendor/jsonlint/LICENSE"},{"block_hashes":["KKtxCBNHQ609wkc8v2ZdQVGIxHGICkpvcNi/91x5YNU="],"block_size":4096,"path":"vendor/jsonlint/README.md"},{"block_hashes":["R7Sc4etKFiy8qiZKG0Ft98/WsGElg/xdYauR6phbBqw=","LN6kKJHjpMPelJ56BpUNzoG98NtLXNz43s5LRjRFarA=","ocKedIkvoq43HhIVmSWZo8HLUlTT+B7PHZZjuFQvDus=","3s8+gdt7exuIieYWBhjTycL+9xvs9e//oCs7UjRVjNA="],"block_size":4096,"path":"vendor/jsonlint/jsonlint.js"},{"block_hashes":["7rN4puhLPEh8UMYN2Jkf67PUOIePIA+21JW1RN4uKO8=","v10jsDtbZqAEaTVj4kqOawGY92vHfvfYe4O5dQjYupI=","ZeKG5fxNT4EBA6zMexa4UuFrNFkmr7n6stAv433xXdA="],"block_size":4096,"path":"vendor/less-bundle/LICENSE"},{"block_hashes":["vjD6g1NrKvkwrh9DUD7P7K+1PM9sShvxmfJnxlXhz8E="],"block_size":4096,"path":"vendor/less-bundle/README.md"},{"block_hashes":["spYI4XWArh0A2TZStQPaK6DH11ajS07LFhDvC1cDvXQ=","7WkVrgzfymr7mPOXvlOhVCKOw+7gCRuj2EVILS9xR/8=","XJ4HzleFxhHzY6gh804xyQaeoYCCokgdu7s2G4o6fI4=","H1rFDi8UudOb5wCtNTldI9m+q8q2NNFJJIQliHsTyH0=","dHVaA2fZw7vjEaejG/KsWm4inPRfQOV78AeebzUo4Qs=","1rIpVyQ9Blb2VQCTV+TJZkvICxIuEGiwxbLHMEzET6k=","D80G+7TMDE0U5iO22AglVE9NV9vyHLyYXK838fyaFjQ=","rmD1REzeSkd1CAzW6STB1APyycYsWoWPRCWycyjYeYM=","/d2BzkU4ssf2qHXX+1jyiGBMJTOqdim0RaK4wjLFFy0=","A7k5V4p5tlKw3jB4GumjMRPx6rx+tK9oLzBpkxilMns=","6uXijxKu05ZGfPrTFVXKtbFKVUYg5dS617SSCUUbvPY=","Zazmx+L6ZF0uhSULwpVq4HDjEZXD4d6QJpndxBbCkOw=","Emgfs4JvX8td6i0Jx2dIF6nRgLDt7GKJvMadhdQsCj8=","fcyMQsjdAI6HRqu+RLeYzrKNOfKV4RV14h1/n7gCs/s=","AJno7NT5QZaPoFeiG7PsLAYYnaEBTTcmYJLiuokz4AU=","Cd22qgxHdUo5i6JpdiES2rt5Z09+l65VLTlAnCqEOzc=","4CbNxvqcdzx0MwkrDtdzuv2mAVLnJcNlhKxM00qjiiw=","RvgIFhJgKRbkGbl0phvbsCk+1uKCRm82dUJ8TunrQLY=","t7TBEIg3jz/P17by1jLiwS2uoBZHPAKZ/SfbtFAgli4=","seExer37cIIZR3Sk+HFjDl/b4H55Ubpu+/TJEXrAAoI=","GJLSMzNsTUWzveuNCVH6YoUjQNw0M4ITOm6QCb9NDxU=","SSNWotBWxqNXCYhZl03TMzx/FzUeyj1UIVSUfcLsWvU=","qZKnnNevOflcxY7gfYEkf4Cwyc6fQmIrlVldV5Aci58=","nuXXcOiVDxxQdFfsSemKxvbc/6aEJ6D3QaHza+ON/6o=","J0voHzQlfivej6QGB8LkTSo0uJ+D+txk0X138qhmv4k=","1BZZn91b3uJ2c1f0kWPdt4j1+qRkfMG4O6+LG8u9APw=","7yhTre5/FG+6tO7vzw4h2MJrt47DrjKnpGHCSzZqnqU=","stZyfR4D9BIqopY8iEhyIJ6R0hMSppEXyAoczl4rg6A=","hJJuBghVDy93Ip9nUnnhRbe0XWVepf+XGVeHviSxFJU=","/EbdyWVHLYsMpbG/BkiF3HMYQYCEHlqmhKh5ezc0814=","ZaLhNwHtt/DjoVOacbYgKaG518C2nt8XCFQ18XQIJHI=","Dpz4wQ77DVsurtLNuZaihBfTwBAoWuIBNyxL+gbOeS8=","VjVjpP6wKV78JsUt+gWVuEbawJNzgE0KQetRBtXfF5U="],"block_size":4096,"path":"vendor/less-bundle/less.min.js"},{"block_hashes":["NEIFWFHDYINrDcP0maGHdiORuUdqwGGIsKA6Wxe7Py8="],"block_size":4096,"path":"vendor/lz-string-unsafe/LICENSE"},{"block_hashes":["vqXPCPxmb8ner+fcvsK5icyrDTK0S3qKeI9sT4IWHMU="],"block_size":4096,"path":"vendor/lz-string-unsafe/README.md"},{"block_hashes":["Kreq9AIVBQndRdKvjYPji0CFoznEIsqtr9uiVBmpUPg="],"block_size":4096,"path":"vendor/lz-string-unsafe/lz-string-unsafe.min.js"},{"block_hashes":["TsPUxmzYf1yNitkRsQ+ZvyfLAM38/4JiGVbjeRhrAWs="],"block_size":4096,"path":"vendor/semver-bundle/LICENSE"},{"block_hashes":["C884t0iD/g6Xbbj6hMblRBKXwwxogtnaD3dcXqKL5Ls="],"block_size":4096,"path":"vendor/semver-bundle/README.md"},{"block_hashes":["4hG1hRxaRIAR4hZ5nMqDKVW64R/i0qPswIA28xG7uaQ=","1aFZJzXN0K/khNzTXPzQKYxfBfjxFQO7YXRH6wZ2TqE="],"block_size":4096,"path":"vendor/semver-bundle/semver.js"},{"block_hashes":["oUaBav+KXN3GXpXyl4Y2lY8kk/B4FZIBoG7t8vKVx3E="],"block_size":4096,"path":"vendor/stylelint-bundle/LICENSE"},{"block_hashes":["QcnoeV9vHjkbvEhcoUu/oBrwdG7uDRSkARYHJHvNwDc="],"block_size":4096,"path":"vendor/stylelint-bundle/README.md"},{"block_hashes":["XrzLdPysPr/4SrN7UeJkPrzT0rBovRMgdKUZe++jraY=","zrrz2t/K33DA+S8xmI81UKNPkqZggmZ2UuqiY0nDkzc=","5yVRDY4DVUWCy5EdBp4T/VLqTaYrCh4cznIH1VHWgLc=","Wedhr8yOVejBfZdAXx8qjDinqBOVOr5XbsFA37Glmqs=","fdQ1v4GphAsHgdQfNgH6NOGzla+dMCHUtCfgvLdzl/A=","Ksou0zVPSRkJ+orJPoUh9Gccq9VH1MvJrzPSmhmeBAw=","1/TgCSsGdwunKTrXG93p4W2hcYsZxi3/0uPsRCFz8kc=","ttoarE77aCFWjuJ8xVKGQJHHJxBcEhXQeGMhalFmaU8=","mnDoIrmLJHlnIWSMUBOV3GOYuMceXKwV7ZMpzOlIOuI=","eV5O1PgSeauA1cfVPF17HZkqtojgZ6756gWapoyiHzg=","ofkbBEYkl2ptQXeDV8z1ACqlaqRwpwEmKL2/eHdsNk0=","lol6vPEjrfna7JTDWORbXG/H03xSY93ueX6BT3b0ZwY=","C1w5k/7NCbKxm56S7LT53pnsuy2K273bOxgsWoH5pm4=","/mguZ9x/MwOPrjtl0XMjF5kIBShPado6GnCTQ9h/2Gs=","vIOeLUrsAhlXX6o2cl6EQ2n3T5tjNPGtA0ytu5kmWo8=","5WjyoLdfqqf0HKGWBTvwW/Z+fk5BBYRC2YGYE8Moujc=","SfzkaXtKWye3oFzhU1oV80isxB279k7X4bkHaRqathU=","BhqokvVoYhqe+qZKR/O4MuS1s1Qx9Iz8TwpRQ5mgjS8=","o8ZnGsCRFn3UWjKjLXRn1B7g8FSXw/VwFlvxISNQvuk=","Izrfojd5cPoDIHi3RdncZxjtawyXXe7EPboC5GlnmUg=","VJNpIFPhb3/6MiI+M7veyCuWfG4eoNsiICGaXm35C1U=","CIRHO2gTwV3mND9+0ieVR/iItV+737PcYZ1/j/ySOMQ=","nDtNKqMkTqHr4yHr/kjD5cJKyAd+a7Ou0UEZwSA+mlo=","Jzq+Y6vD6pjvLxyd2oWkoinvHSYmuZF48Y8RuXS/TaY=","2XaiCtk1t+5p6TvaKdmYdZMquK6RgRPq7SBVa9RMXTc=","ubly6iuDax/EHEORdKbzTBe69DJfwiOaMWNjgmT/WdY=","tsko64xc/a/uXz4Q8BGqnpO06Pj3ARIBLkv5wPX9wqs=","4at/jrNWJg7RquSbSBv5hODhjtO6mFJO8R9zoUzDtN8=","eUw+CCPVl25bNw2JO1h5j+YxUnv9M5ZGsHx0GQ4rZ1Y=","KuyNm6rcpCWJz5M5j2oX//Q4Fyfe3iWv0EShmu3DAYw=","alQl5tFFqi9Hdhu4lUDQBRlHypTYDXuTyEO8lTvUqNc=","nYkuKaPMMBrfkXic6tmXrhQmdGoNEJkC0AjTECHDUYg=","Hc8qtmLIPyk6fZWBLrWCVN2XP3fxV0QaLA7iK+jNCCg=","JZVeX3gbWAH8ZA7g06adtkwNhZT/XO4BLezuUA+0Sv0=","wJphPODyr2/Ji7NxCz+GRhLNpEM79awREN6/B3gVj8E=","lv1l7ISh3JtkfweqLbet0Tl9Muj7cPaZvabgqsQjFGI=","p025ZrDW3ltbApKtJBaDOzwEaSy0xHV0wBNrX6wHuIg=","k2xqNMzBAnu5X5mchrb6aS9Su/2+MXHj7YkUhdh3TY0=","BkxZQVJEqwlr/Cj2+sDTtGNnatIR9J5kfR6JHPT7mBI=","iv9MytxGHOCwDSgzBGwgad37gzrGU1N/BW3yLaY0ppk=","aViULCkLujJjclEp8FCvu2MO2o6fA5wtMFGDA49TNls=","ok5NOB7mQifi649dL/pQRH0awVAyo17Edl+OyVzdTYo=","SWQ1eowDTIwFu9HE8YrLvzYVplUJPXyOa0ylasK7J/8=","7w4ApmRe1DIa+Vof+u98iMuIPINnJADOECr4BT3jE/o=","NRKCmG19W1IWRxOAUCCOdrNSmtgR+V9jE9rfi+xvotY=","8obK0/O17YR+rFZD0Bl1X24oyeEmSNmARk739Bk/zY0=","zOAkIA6uGJWs5GUjEMoTyDtVcixFXHD81E4dEZGp+9w=","dkQjL9AD24yALJ37EwFnzUG/vAdbv8k1w6kPi5s+L28=","rDCUHVRU1VLsO3mvKzt+p14EnEng+MAxhFO1/J5nahI=","gntWDIefH5VNbymn3xq9AfxkMwgwj3axshO9Fu2V6oE=","w+qy0DWB5+IG8zvikEQfNpFHqiJwd5zJdmsczhZbuTo=","mA7rZpt6/ZYiqKT6QIKRZx8Y1ePCodga4tVz65Irvlg=","2BjfiU3iyBqgf+5RGd4el6v3Lei7fvQD0sVXHEpxqdI=","XOO6cW8K7V/b0NG17AAX6an6W3LEjwOlSE03ON4cXHI=","TuvuvMIUvEgQ7wOuiirkUk+8TQF710t9Amht/olhMts=","+h2spv3we18f5X04rJBwAlvV1zcXGSrnBcjPZ6Gp0A4=","S+eF38y3FRHl6FZjQVF7Z5Ol6S/WW2kwn9XxgN0qygc=","kHMy+LSi+9yQVr09XkbLsJYLlCqe0hY84nqg3erhwwY=","u7ZxgSYIioXWVwcdCn/IAt4+meDRL5VFDX8UWRO38EM=","5Gpo5RmX32uNirzbOs6geRcK6Rwf7Hh3KB88cBS+9vA=","IkiPApZi34p08Cbke5itu/YcyvlZruZLBj/r+iVd4nc=","c8FD1xMVaRdHMZg8i544uu0OTiDqh02U6yXAtkfv8o4=","rAnV0mxUTMSHCaqIQ9BiR8MymgPWv3Uy/G8EESRqEL8=","M3nG2RUiRBn4xzqqDoaVAIEsCwegtNKGBcm4d5KBiTs=","4YvE2Ciz2nN/kGWQYv6hAshmBbRwEHBeGRWHghQhl34=","O2xz2rcKP2AvIsli1O118f/j0J3Wd7Jc8nesu8Fwdbo=","ei7Cq21BoLMtJlDmdGija78IULYt+/3iy/nO8JT2PZ0=","RiA6MDMe6EnH7V5x9U/829vVj7fU/K+iGu8HPke5E+I=","Wbeof1GEcE+tZdfU+RfT+jSmYepdtBcEYwOhHiJaHGQ=","vXOpRBJ0emrG/ZhAZWfMwfGZ0uh7BCOx/fJ3+LJFmuY=","m+Prm06xkwU3toq0cyut1KIUSYNgjSc17wHsSQFXKTM=","Wmqy+1QdJhEl+PzFqr1d6xROe49qm0aIZY7RP15Lu6Q=","zEmsVw9e/f+0sKfV8zWZz7FjB3R9oyYPmCRZEH7sYT8=","58kldx25LuHgRnKFpVe97KNOcJ5vS7EGE8DakOD3a9g=","VQ0mVWrnIcthairykyvaTZK+7ZfrqW9foVGCJnTc/yU=","A9VaS3pSMSD7WPNTeyCG5T3+ZHpbU0dj5U1WPIBy69k=","1nSLVeJXUWq8iXUaYbZZr7dbnUN+MUCPKzRZmEY0/KU=","cmLc8FGxx0TjUOdXKvIEsKtlBgTUfaHK49KLc2V6OYE=","rGKwXjx+NdDfvP1eem3QbW8cfOval5Ekm1pV9TYbzu0=","RjZnMNN+XTDL4LNCA70C/MFnyhTi4FMSXeyG2NLbaWA=","/9QcBzyZfwa35YjCcZhPTDt7U0vEySa1p1ww4jP98FQ=","zQCc4J9syoddIuWP7Nj2W+dfAzBe82EUdF19V3ZLQZY=","7zZnaiaY6sn42kJr/6qHYejkG2cmhyRXICL36YH1sDg=","tdmlZfqUdGXicmybhT9BKkxThbPCAwMtgMievNtFXzs=","4UCuBjM1PWBU7bi+jbShnB9rQqSONAHBoA3rpClsfFA=","nFHkLhsB4yHyZxC/TkGGAO8gNOfuRk7xjOX5Dw1RE3s=","WFuui+xzA1vBZPwuU5Fa/7McaFYcuLGi11Rg0ojiaeM=","KG7m7S/B8/U+rbklqbXhoAEBjANNttnPo6Z8iI0B4Q4=","mQZgk8r5PLECOS99uyV8I+gJV7O/4STHPR1Hnj1pBMM=","jI+Z9qNZHELEWFYMJ8K35pawwiEE3XElqFYG8b8m/Qw=","pIBFwLxgBhiEn7u2B2nMtfenqR6Ziz50eho8CBBODu0=","WOZKMrbrPOnkUKQLB207T2U8lXojo+j8ygchRqZKHKs=","lSHyngNBIDL7GhsSdv0pkAKmBWnHG3PSjr7j8CDrZQM=","iK5/soY2sVF1mbIeHTb9XmLL9NKnxYJeWW65oi4vIqg=","jYtUgI1dxDH2OHZQfZpWDU6Qc8fbONlO5ctoOLdxFEg=","JoO90a+hOim4vHud9IJAGbEVKarf/7Qe58sBXi82sXk=","pmTvGiKG8lk8OVUbcFLHTJgy3hUF2EZzkCnKU6lJV0s=","+pLaB7zZewWClKXkpgF3vZSORxqnmtVU7Yb9QHDpwv8=","pT/K2bz38pQ7f0nYeSQikt9Sxl88SP2XdmBojTG2yVk=","VnqEJR1fRKUWo3lnAkvtz+5Ti7N51OHdwIG0ucABkfg=","34hfoxOAKgmSVcM/8wmCf1McLE526Z8RjrVMZ9WKJiE=","r18qnnOH+InLUX3DzkKK/s+2EWMyueFTTG1NGpgqOLE=","DIOG3temujzQzE1FTjhm0Dai4NkumZFPfRTLU3IeasA=","hjktGnbD3/gZk5sHxihYfCHqFdSOXdE6YJflJSUNZXE=","p0K04G8V2oOt9ZI1+Cg9NdkK5HtGfDYD4Jh5mOygC08=","CB7OqQFIaKGwm7H8MXi0NK4+s2mR7xZAtbRs4KthP+M=","YwQOaaMEr3TwHEZs5JYpYVctzgZdcWTDqXDDZJA2k+E=","ACZVxE4EN3pfDmuiXOD77jhyOHUE6EWIO4LvUluXU3U=","riRMvAa/oFdMv/a3dzEp4IJIbJri2SGY7TFZxzOKwDg=","Zr8/3gpWFAeK0FpaZOKcdKBAGD7NpwQ3UyFQPO8czHY=","F9B8PtkVxo1UlvDWMTRje872lHMv4niBF3uyJ9OzvyY=","DFK2jKBUyhX8PpsQP2N2TWVmZK/Si3g7CJ7Ea1iWPk0=","OloYU2inpsfFnoekBqvpnfzuuan0Inpz7CtSVTa8dLA=","DLI4u/N490EYtcHKWRJRvJnc+tTKLXupGZU8HpQSsAk=","2MvzFOyDeUUo/nh3h7d4sBhm9UuDahwYkJCP6jOWPzA=","7e0QrmJDF4ZGcLsebbukI9YRMGwPeae5GjTB1y/fkzU=","c7IXWbo+t5oVGbBr+f8lqWstcipk8QWv6IYPuX7RT6Y=","SAOyQ4L8JQc0MIq3+YjGXFjoztU1RXswWgHVxe3IASQ=","f0f5NiIZE5Eq1hu+T3le7aCg/yiB9e5FRmvKShRT9DY=","SMFeJdgdUWKwVVNsSkVF1a53qMa35VIYLXbatxcRVgk=","P08SiFRDBxZaKJKcNc82JtjoFmIgm5QslQMa2gR306w=","74u7zHLTpA3zeNDwya58zga35SPxyyqY1oKu2iWVlw4=","1uXFDlpkx2/VDoQk346ijwNvfVoKfAoAufYSoJUEX20=","b7NZL0EqoxueNLtBt2Z87XlEiek9+NLjigQf+xkhvY8=","PjxLa0/C3r6RcrW6G+qx51V+6K98EVEBrl+67/FwCnY=","JNETIhdVwNc8xRw8yX4/BhUYkxAc0MalhSo3TndXFEo=","hFe9PL415kRbUK6UcXoUqdBUUgQy1/BpSnpiitCywLA=","a2YA4t/v9Iza0QAcz/sZcR68smse9ijopNMrIg5479o=","2LxOdkPrFIRpcE9KmWUjPBniZwRqSkmYFaVlKD1zJRs=","UwELYh/0BKtntDQafGnA4tO1pYTn5u9WKTBIP0Umyac=","SNa3In7/uOOhFNU7CsvayX21rbX+9QF05GMyZ/ikLzE=","iWTukyQBCYqv9fglZh4rx3vqfhisWKr57vfGEruZlYA=","R9XnQJyBmSkOdC2Df4Yuj5JZVOOGSM5WakHXrfX5Bic=","BQpCGIh8ANo5Lm4TVZfybz1kXSF6/6/BOfXbUvYOWl4=","g5/A7zy3lpLhlkeZhwJsnQqyLFNTk4YcS6H3mjolO64=","8FSyErjvUif+EKTYnC4FtcKxRRztrb4B6vM2ybYXMgc=","ZBQ7EnfTgTH3NLrpKV8RQQj9ij9kXRfzaVbtOeWpucg=","J8Bg1OKsElMazP0NN0a3pKu2veJLHgk+64nBERPCsX8=","QLtlKmTB7aE12M3+uLZ3jQghtYBWTtHxpUX/cjMAGBM=","VF5u/7HR8D1ljr68tYjK1Fl61YewBABQJWbXHddZ66Q=","V8++9Jr6kHQriit7hN+ebQOBWpe3r942vpsBW2KyL0A=","gQuVz5/7tXQH2CWljjB/5gMnDkku3WW3cS8+01R1I1w=","6NcPB27ORHNgCW5Eaw5RU/Pusx5O9h5BcqhXSbHjteE=","MLraajw6ZyGUgGWM014OnW3K0qRTM28GgRDXJE0n/ws=","Uxr+xvUafNzoIPW8iFPlcziVkxhKs31A63wUwiSUytU=","YrLdVcVkIuHdCY8sUujBgzIOnoW+7vA2PeQPJlTmUCc=","/x1Ut/z3zmq63/clHVVIVZC+/YSOOJ6KKsJ3SRfQTpg=","MbEMq1zXQ2S4xoRZ5TVtAAQnNeAkCFj05V4eWW226nA=","ar3JA6tfLym2UHln+VeFyChF+Y2dw7k+kz/t5N570As=","8n84zwyOcGnOW2yczktc2hixHd/8AbmI0MfPUukT+6g=","kPQnL8SUkyyJghVy4tHYL2uNsDAZDIIg/ulIb+7h5YY=","KrbWsIAwjG4xBnrU7nJ5dv1kd5ro5p4HiYpZGGW+IFc=","MMiWlihznXN2P2kxIvT3yWKEhNQ/mZE9Y8egUel0ApY=","xK5wwsExsw3GCn6ypbwkPz1JYHE8tSunrm1pOr+UUUE=","6irSnPyAz7qY9eXLEWG5EN65uAsVOVrOGKZiW0OMm/o=","PCEOC8J6NemJxuHWcjrePgZV6dUK7em1tIyjEtk6asU=","UVbBJrzOAdDL+MtUzXhyEh8rr+0aTU/zT7SIMHYXmYI=","Rg0kcI6DlHxzF4q8AprDJ8o+wB2j5RXkH9XjdX+59gM=","tz86isj15Bt6WWSBYWCtKHVjU8GMqBStaKzMZw/9UH8=","6dMoAi4UMQkqrOqZ0xHs6pVTLfMR2d/ZFmSNZgqOxeg=","NBq7fJjjAt4cwfSR0tRUJK6/wJCrmg3HpuzGG3G5iwY=","5RzNx2WlGst/+rYqtVusYXXzNhym8ZCieDUI2zKEqyE=","Rqw8epIEnd7mBwybbGK2r3rgRP86Hg9nT3AW5BDBi7Y=","1HAL1D20PbqeVbfZyMqJTi0ePrmEuTr4XZeeA38AFWg=","c1g8OPVxGYEJ76jlc0l8IZ9U3FL9A4z9wD14qRTRlB0=","SK/Xqiz0Ac52YS8/L44ARqAoAselfvMd5u7wJ1BaEJg=","ENIX5bsHTXH8po+roZd1o5DbB2RHGuWHnBWq6if0lnY=","JShhm18P7TbrDR0AhouiyMN5QrqtAIK9ZFMykssf164=","aywJAWSVrlpFPDrmYWPVxs3aiE0irdNRcfEGocbknmk=","8ti3+Ex5djknh7FNKvEF9PRTGbZ9b2BlCPQztNj/6Xc=","iaEGoMrEGKzgpBOzldFAoX/tkdXMtP64guaMUqdFjIA=","vmX/TEctQ18RP1ZnHRzaFEGr/jU236Y7ISqPWVywutw=","LwMexsc0yUTo2M2b5pJLvDlFuOhu/nyRTM0WKn7rkZ4=","c7aeChSdTvRPXZkXsOxepWnTP2mnHSZWWvkd4fa3Br0=","i8R8+R1pEOAPnqK6YHTvU2/G633QbDMEfs5TFZp2RgQ=","alDU7iWeJ7snpeJ7dQ6nrGba1ARkodQn1VnjpJoQWTM=","ICl1ovf7rWgzUli3u0rr/7XaQG4DK8k378cVyXoCBq0=","rZubxcO2rDdtW7xAIUOMrCBZjgludK3pBB7HkH04VdA=","VlgN2wlCiKh1vvoiFyeBHTWgz2Rpwax3bL5Nf+JNWhQ=","P/6xkRJP43vh+wXahJf2zqaqsvwEG/sqUrHKuw1qQ/0=","m+XTyNyMpbbuZ6vdeNTXmcYRphfFkqW1F/dJSUYZ5uw=","tfBmClj5syAHGF0rjJWIAlBRntDknMMBU8nGA0i4YE4=","h1mncMEbeL55KZILF6DZoSXWT4GA6J90rLqJ00yKuEA=","i98eKg9Qx/PwX9lyRAYnadm8ZUsr3faxNosDCxzPQNQ=","hZrP+DSDAe64hr+BIGwXiuLpbHkbq9KISEGApNXDZcI=","RqlQOivPVwp8SGwQ0Izda74oHfC5GFAZ46yIb3HNOk0=","buC+/m0oyp3YjpJvHHB0W+sZ+WXxV5yj1rc9/LmuumE=","AEvc5dh54nq/kySqC//WeWNVpQGJUMocRbckXUC94c4=","g+GRsguWjOjb6rxToT1aJz03H5gssI8p3EggeFdld44=","b3RRC/+sUQeBkA5Yqw/6/iPKLJox/7OozKLe3I4qJ84=","EiSxIqpbp4beOhrmS4JsUFAVNDaKt4MD7S+7vaUAbsA=","Co3uXJJNMI/iQEv/DJAyxeuiCrpZXDz6Ae0RITBBnfo=","jrDbGfKvXMJdYI0Pm6a9nC/IU0sEf6WdM+J0kH4Zp7E=","5sWZ6yRaR0KofahtRjGlrXPoRYuE5mZlauJzeQajkVo=","ed9pFGJL2UCXYaY7C5peCu8TylKDXRV4MjQ9CseGu0w=","/CZuTCibfK96gbtzNPgv0stWQ8MGNOrPK0l2vGKozcQ=","4CMi/56UrVv3B7way7AUyUTGgIIsdD+Tc5MkUlcrsI8=","ZAgxGLd/pRr1QI87cXtAZf/E9FuUajc6+g/snLRbCM4=","Onh1UvocQoT4oY+wZYN6mB4BeWs1gx4KUULFU+/hDjA=","UdQ1F4bDdCpMPTcgFtqpCCNRHTKpk1G7dzgWuvx4/5s=","l8jkg2gFoy4CcEAUSQN3cN8VxdTS17wIQnnDzxy7wqQ=","4rQJmZLezT/TC361P7+izgvvYpF6ut06wOqHY/r5CuA=","+UyH/u8QQ0Np1fnZ1ZsSX2MOqBdoTAvFCNU6/TFtdRw=","UsetVSAXQ9dgtNLgrShC+6AKZRWGX4qcmz5wE6Z/ocA=","t4BN5PwcL6RUck6KmZ9jCanyyN/Z3ZXetH0hxiNsEBQ=","kGhD2iU4nFsd2ClrLNkFz25Mfadp7klkt+qePS488Qw=","5MBwRhgHfeJCHU+GQEOT4Tix1upqpXsr0eOyFW4sWjE=","wgbohQ8JrZKWE0nnS6+Dvf1AAInk+SXBxmb0fRcen9I=","kkVhjZ38NXrPhVUl1IbW6eA9V+1VZeTxO30P9qkx464=","+n42C3+auTz2l5TWS9PSCF7lKhsF2bh1uVRQjQsSTJc=","QsGaS7INiaYDncG+QjXiHz/z3OJYbJ9EtXKr+8Ja1Ws=","/vOQOplNgTIo6Gtt0N5zuVthLCH0FdRWV+yDNN27T54=","xBQSeb47H/gxuxECsclTw/sMWkBh5x+WFZtd4HekMwk=","dAU8/40/KXpuyGEtsuyxbTgpyAnvZupIQsJchqHg7cw=","ll24VGlMN+juvMKlACHCbdIWr5u5MkgUo3M8KcjvAUg=","j2RKrXSHlGwx5hO2z8o6/tOspHJ88ri+ek7eZRu71gw=","tmqYuzKeep0wfm09uHzqfB87IJ0gZBr5Cvyh6ZiL/fI="],"block_size":4096,"path":"vendor/stylelint-bundle/stylelint-bundle.min.js"},{"block_hashes":["pYiReYGOjnJSJG9Q3z+XVGka/+Gl44SNAy4LwdpccCA="],"block_size":4096,"path":"vendor/stylus-lang-bundle/LICENSE"},{"block_hashes":["JGQ5Pqhwvl86HFA7hhhduXLHH2yPvPIozRf0tKZ/Fkc="],"block_size":4096,"path":"vendor/stylus-lang-bundle/README.md"},{"block_hashes":["ruq23OKvRXyyHHMioPZ5RZNt/gwQjB7RCcrdxrg3yNs=","Om/NnB2yf+1UXQXeeL6trT1gfJUNEK4xlJcnZpdHQMw=","xdstZm2kdvrfwXSNGG7AxS3b90mNIKss3ShGict24WM=","KAkLAVQUOoNXi1vrADsQIguPC5eZzB7++34EowYZAEk=","CIoiZaImFCbvuAdUqY3HSVO00BshktuC9PtaZbuCqmY=","/IwWy8g8RQaTGjTXgLmYizfwJMYwfO7WbBsDwXr6rik=","FfWSORs0oUimCwcgSJLrJ8SW0LQQPY5LodY1pkNUAwE=","qSXBbsyGRmCGMG8NrEKdJ8tS+tP0uqo0+6Mr+LCtn04=","xEpW9+6f2AEqy6IZ5vdltBzCEQMQys+ntcZLgpeadEU=","W5FRcL+k3CYPUPNPG9hV7qUgqh4x0TddUs7RKVW0zH8=","AP60KqZRiw996O2DeSa0Oxb3KbctbevPK4tBKYuQk3I=","H3eOoeNVNnOrwG0eK4zrUTq1reMjH90UKq7p0eQhCLA=","04PG/dDQ8Z1TGyMLW2SZyDpSPSy8kq5GCFbyGjANkIs=","lUunwSbfGW8t4kab0IU4aXTebW1ETifdp7pVd1fr3Rg=","wqOT7f4cBqJLBx9tj/GliwgvpFu0op0E05zUurmLmL0=","2PPxZ/YkgAOmPKCukt5MM0Jq8Hql15VE+yeWQBbZY/I=","LpgTHHxK9fnT+JyfVkVopYeboLobmAr9hY6qyjd+dCY=","1TdjSqZak+6mhRRjVsmuJF86StuS7biN52TIqpdzx98=","O0ceAuQkhgZteP0P7fpJE6D0bhMrcqadIvZFfXZ63+Q=","uV3NjlHuYImC/JcxRAMeHxVlcC7yUhLDdnXyrEghVF8=","7JIox8F8uQl89RSKGXdb1eU5PtBatke0LmsgfAaZtVI=","P7pwkIM8R7hMorC/nbk4W94Lh8daNt8/HtVkn++q0cc=","W0g9BpaeIXB0AkTm1cyw3CdIqPx1odR8j9JdooRQxyo=","jG3qVTouhDC/ng6Z5nWWKOHI277gMwKr4mMMq+FUb6c=","0B27zKAlk3iuqTwl4mK1rJMrfsimDf4XMfhykuLlgcI=","Nr74y+6j4yE0IVSHs/+cghijzRqYyE4gaHYJaf6dAT8=","EdjFNXmG2RgUxteCJ9qg53tb9VsSwor/rMaqruhGkhk=","UXL2HuS/a/Xx6leT+5CWV/Myl9EpsoXz6fQvhnJceHU=","SFKWC/vafmU+7Dg76admfa2Q3ap1vCseeRVzmxhdmPM=","4NDYoWkuURg0j1P0mdmtrvy9U4k75E5adHDK+x3i8Kg=","C+4BAw0UKWCE9Wlbo9cKHEpQjY/nt66IunafhhPD+i0=","ssmjb/mTQEYq45GvkYLvktdPjguxlQGapCSzInvpGWQ=","rLo/dg5IpNzI4PVE0JtxLrXHqdUbmtEpZYSRD8LCFaE=","I1vAnVW77wLQZf0Y++6by7pN0d9hOArBYGwPnkZwMSk=","iZSzkofCWUzPLTW74Y7bMlDiufgvau7d4h07ojq5Dos=","G9U8xQyR2o4yaei94BO3wBKHDfoXYIQei85szDxGNbM=","gp4PVTE+8V9IUlDdsmdY3hyE+9yAM6MI6lEDq16BkDE=","IyS3BN8gPuhkw0jB2DLqHJX/lFzvdMnUDO5/LQzGUas=","jMGybK5iQmOZn8DF/x7/M+BS2qtfmAD8WRazd/PTKVI=","8NwqnCCuM509nCk7+5LSHJ2c2ia+nXohg6DevSvMTHM=","dVyXo+O/SToSGfgIexO2GHtqwghIKMbqiTtUvGETgkw=","HFRijF8R5UBVmNb1tJDAd5YCRacVkhr1vWpmoINpG30=","grB1AkGp3TLW40sITUxk8wcWdRBCEVRBZYGjsgj/ZDU=","MsJLC0YMAlcbekFOs+Euno7Me3t+n4JqloniChy6094="],"block_size":4096,"path":"vendor/stylus-lang-bundle/stylus.min.js"},{"block_hashes":["OOQx7I9W+Yjjuqn06sIEAq+1xYb4keLOrw02DRmwpFg="],"block_size":4096,"path":"vendor/usercss-meta/LICENSE"},{"block_hashes":["FRQzpGvwQly4CWyDneU6gvixYbe+qWhL1RlzGBfPvjQ="],"block_size":4096,"path":"vendor/usercss-meta/README.md"},{"block_hashes":["Ne/46/syl/TbbbnljrK02Pra2gxj+lqEGI67HIBdS70=","vqoaldpLb/clnMBYq2Lyk835z8pfaCrhFLRkNP9MF8o=","BIDCmOvjdqPbRT2GBYsk52OMomrOYGNS00VPvjXhPA4="],"block_size":4096,"path":"vendor/usercss-meta/usercss-meta.min.js"},{"block_hashes":["PfX5o4LaAmyBPOP8lcbAeBXrO6OfAJ9ILfZOtq8aOzk="],"block_size":4096,"path":"vendor/uuid/LICENSE"},{"block_hashes":["gLWPi+ek2goIQdOahHiIPXdLke/LTn8QH+sRq+9ES78="],"block_size":4096,"path":"vendor/uuid/README.md"},{"block_hashes":["dYE7OQAhqz3oPaTekgh+ZTEJDo6gd+hMz71JVzUCtSk="],"block_size":4096,"path":"vendor/uuid/uuid.min.js"},{"block_hashes":["1VJauKxO++6GtnFmp1X/3VSlACUelYKHwYtT+2UYh3c=","I+90wE0qOY8pO4FTjCLe3+JvqLOY+TGrTHj5+vIqAfc=","GpPryZvCaQZubcemlrlTAIA3IJ6Fnckq85drqy6Y/+Y=","AsETmrU8ExIFoXeaT25Rj5IbA7uelupsDfyCk+bzVQ0=","0NZm0XNend467VRoAbFJzUjd87KRl4n4DRutSyT+vJE=","VlJVaI75rC7gJ3pnmHgedgTcigHb9PdwB+Jy2n5uoHw=","17bOu4BiIARpm7IP0QNvPcUgSRf7td+tzKiPlf54YzU=","wn9k2Qwj5Q/Wx6+K9Cs0KIL9+hP9WRlcjK6JMtp9KqU=","nYXjpoEwpx88hNSZLJdAZmN744ZeKIHPIwjRWH+QeBg=","r96nU6BjCLuqP9ToUbCjAaNxoJXaQniTc842rBn/cjc=","a/JYTyQeN7SQSjTkioqeSORjwM+OFcY7OuCfmIelIyY=","N/3BZYStZkJ2/VQPwkW2XVRcZ1/rB2LqFVl7ULGKMFU=","NgiwdwSKYyQZyc82lSpPSQlG8vrp5zhkmMvk6VH+Njs=","xRmbYr9rYE3t6uRhmh7/cS9d30/LsQdRojgvo4XPiBU=","fafF+wWHc6MHccU8zXOW9bJlyxoD0Yq+Mt5Wnsc+s0M=","+W1eoFgLPHT9f/8+ajH1uFqsMrr+ljUrg/I5WHtVsnU=","fSaQ1tT0s7T8VJrpV6xExzDwDxZ4XMY2c35K9xWr9oI=","H9DBF9jqN2rPaWQOm08g++77Z5oq0NddjYyJlOJyBXs=","J50sIeAJ1qOUHVSlrM6iqkQZbgeQDSFA/yW+JNs+uH0=","xDeBRbgikcD1b8Wzad212xu0Sizx++oCoIIbvGsIa2k=","B42P/vpOpzicQ0ed8ZqeMUdkk8JEWM4lOXhsGN3tIYU=","Tly61ZCWAjdMQy6uDLT35Xi0qTTkqrTpUjRaCMK1zuU=","BHYQV3ZmwrS0OVedkeNjMf6Jb5ceFYix5trpygHrqpU=","z9Wp5sTWNJUn/qFYcBUypFCqLonDtLoNyHDo5Cfpm1I=","oyLZ4pGY4660vxdU+l2JdCg7glqM2WXkanLAMgKgBu4=","m14BHPTJwoP216K/Lzh3JDOMSkAyhhpIegT0whLXOYs=","4ijl+yV1rYO0FrJEgbxgv5vKvwXCh9KtEhjzEZaRH84=","xIAL9Ucjvtv4Z2DNKFELpyQAjSNPZJ1g2vvdUbKueoY=","GnyEMcsurn5Qbno8ElwZW7S7L+6LJCexMeLI8bBb7Ig=","UB9eC2rUh/4wtkUQ4IIOEdwhqH1UG8FAPiWQXVY1VaE=","SssohGwb7ZjflH5YZJBoMstV/GVHYcW+OZUNGzg1F0c=","Gn7GE4s8nLh0l0dgvV5S+UvPGcuVExMmY3EG0WUsIyQ=","7SvwOvcOsMqy4QKtSSalN05SBr4Y3Qbmy1FWur5yg7o=","SzMzYh9wFwph/RuY0Di540hTLDU6GNlKFyk853nltB8=","NBW6CzrxmE05Y8QKW8HEvyKHmumpEVnML3KYtdNJXDg=","aUkoDg8x+DP4dYKWfsnsMq43l1ww33ZnZN2OWe8SbYs=","ETDKNoQRjTwLor7+MnklIO8Apc3j11c/dL4/5Amy5lo=","M4dlVmJq0OYFYGG1Ot6q4D+PQ7a5stMZk/xoJBosae0=","osWhNob8/7aGLlqQBf8cReyEXT4mhZzEParR32fJsCI=","KZDyCqRv71M+QEkTbCHUApU8TA6zkvsxe2YltAHU/KM=","IrRnezvr9vsYV0+J/9rz6g9jGG70xkQKi4VCDax6GK0=","ZYlhujqQ4L87Q1XQWUPq0qfjAX/CrWtpknzffaGeLgI=","Z5ObvYTijzeZl27CJIn9OZ0C57CDcY58UU6DHKQ+eEg=","m5xqubfPv9vcpKj14noJbAVckXqoy5EhInf9Td2Mbpc=","ZJ8uFR+fpFCM1pz/pc4cEwLeLhzP/HyLaoDz6ugiI5A=","6fZ6rHs8Yi09LjcP/okcvVO8XtDLPJ/Gq/IkKtcuA3g=","8R53CpUG9ggdQWE5S/T7xXWZyk2mNIUGKeT7eu0Bpu8=","0kCpx++4an1eK1qPPT8Z5jkLw2SEUVJ5fDFW/t7+72k=","ijcuMzLuN2Nop3lWXcDUMWVMfFzhvQs/eO/SatYpt5o=","+TZ7+Ba3IyjoWw3S35uCbdPJctV1/pmMluT37BGgpTY=","v/xWp9n7kmzCi8e2wQRqKmXD5A2GTdpeEJZ86gswk6E=","VqqmTcA9efAUrqAjqIX88O+lsHXy7UVXnyfwuZfJiu8=","lqN7lNqJC8Bk3Mvd8pT1cMV70airAgkSAkTadcN0Aew=","L5ql08sd/zWfU933cJk6wfeTOK2W/FjbnOOJtjTb6SE=","BdSyW1rbZP5eFX+z3D08Vwk9dWSEP6NKPqANdf9SqXI=","G90YJ9fcyPEL2n797jJS0Y0uVSNHZ4D+BY64Nf7+TLY=","0YBPAD+DWZ0hi3O7/auQZ/AMT7WgZ3qzh7f/HcRmqo0=","OWnyLbtEIQ45EIvHE7z3N+iaWXN1TidXq8cBeZxIJmw=","RmrveDvgvfO9W8mERUg9DRpZqp8VPYmRlaCN/IgfreA="],"block_size":4096,"path":"yarn.lock"}],"version":2}